OVERALL_ID,City,Pop,Transect,Pop_ID,Latitude,Longitude,DistToCore,PopDens,NumPlants,NumCyanogenic,PropCyanogenic,NumAcyanogenic,PropAcyanogenic,NumAcyScreened_Linamarin,NumAcy_Linamarin,PropAcy_Linamarin,TotalScreened_Linamarin,TotalProp_Linamarin,NumAcyScreened_Linamarase,NumAcy_Linamarase,PropAcy_Linamarase,TotalScreened_Linamarase,TotalProp_Linamarase
1,T,1,A,T-1,44.0302644,-79.52738917,43.24512964,14.12792,19,4,0.210526316,15,0.789473684,0,0,,,,12,8,0.666666667,16,0.75
2,T,2,A,T-2,44.01968437,-79.52537587,42.06986656,16.74835,20,5,0.25,15,0.75,15,11,0.733333333,20,0.8,0,0,,,
3,T,3,A,T-3,44.01056937,-79.52316198,41.04714406,19.923,20,4,0.2,16,0.8,0,0,,,,15,4,0.266666667,19,0.421052632
4,T,4,A,T-4,43.99906923,-79.51997222,39.74826252,40.8105,20,8,0.4,12,0.6,12,5,0.416666667,20,0.65,0,0,,,
5,T,5,A,T-5,43.99338264,-79.51925626,39.12573962,40.8105,20,13,0.65,7,0.35,0,0,,,,7,4,0.571428571,20,0.85
6,T,6,A,T-6,43.98568084,-79.51690128,38.2512624,40.68933,20,7,0.35,13,0.65,13,8,0.615384615,20,0.75,0,0,,,
7,T,7,A,T-7,43.9776803,-79.51558202,37.36913951,44.76936,19,11,0.578947368,8,0.421052632,0,0,,,,8,5,0.625,19,0.842105263
8,T,8,A,T-8,43.96956954,-79.51282817,36.44221607,43.52432,20,9,0.45,11,0.55,11,10,0.909090909,20,0.95,0,0,,,
9,T,9,A,T-9,43.95736342,-79.51063671,35.09377584,47.39742,20,5,0.25,15,0.75,0,0,,,,15,11,0.733333333,20,0.8
10,T,10,A,T-10,43.95194554,-79.50947256,34.49113097,47.39742,20,11,0.55,9,0.45,9,6,0.666666667,20,0.85,0,0,,,
11,T,11,A,T-11,43.94275656,-79.50682589,33.45316762,22.5484,20,8,0.4,12,0.6,0,0,,,,10,5,0.5,18,0.722222222
12,T,12,A,T-12,43.93385552,-79.50470828,32.45905319,58.65317,20,5,0.25,15,0.75,15,8,0.533333333,20,0.65,0,0,,,
13,T,13,A,T-13,43.92441239,-79.50305515,31.4199885,71.58488,20,19,0.95,1,0.05,0,0,,,,1,1,1,20,1
14,T,14,A,T-14,43.91588458,-79.50046785,30.45482935,13.13879,20,9,0.45,11,0.55,11,6,0.545454545,20,0.75,0,0,,,
15,T,15,A,T-15,43.90683218,-79.49874497,29.45709979,41.11675,20,8,0.4,12,0.6,0,0,,,,12,5,0.416666667,20,0.65
16,T,16,A,T-16,43.89755568,-79.49655792,28.42487122,213.8708,20,6,0.3,14,0.7,14,8,0.571428571,20,0.7,0,0,,,
17,T,17,A,T-17,43.888435,-79.49435467,27.40958567,739.29004,20,16,0.8,4,0.2,0,0,,,,4,4,1,20,1
18,T,18,A,T-18,43.8811002,-79.49240805,26.58912225,255.19814,20,16,0.8,4,0.2,4,2,0.5,20,0.9,0,0,,,
19,T,19,A,T-19,43.87065459,-79.48960918,25.421042,502.77921,20,9,0.45,11,0.55,0,0,,,,10,4,0.4,19,0.684210526
20,T,20,A,T-20,43.86150469,-79.48793643,24.42108968,1341.72778,20,8,0.4,12,0.6,11,5,0.454545455,19,0.684210526,0,0,,,
21,T,21,A,T-21,43.85038448,-79.48520713,23.18850068,1940.37561,20,4,0.2,16,0.8,0,0,,,,16,4,0.25,20,0.4
22,T,22,A,T-22,43.83598273,-79.48183193,21.60093821,4187.61572,20,3,0.15,17,0.85,17,13,0.764705882,20,0.8,0,0,,,
23,T,23,A,T-23,43.82418131,-79.47900514,20.3023869,940.68909,20,6,0.3,14,0.7,0,0,,,,13,6,0.461538462,19,0.631578947
24,T,24,A,T-24,43.81359026,-79.47643065,19.13965044,103.24519,20,11,0.55,9,0.45,9,4,0.444444444,20,0.75,0,0,,,
25,T,25,A,T-25,43.80455856,-79.47471928,18.16767449,3876.34961,20,7,0.35,13,0.65,0,0,,,,16,3,0.1875,23,0.434782609
26,T,26,A,T-26,43.79253295,-79.47182664,16.85949779,3864.22827,20,3,0.15,17,0.85,16,7,0.4375,19,0.526315789,0,0,,,
27,T,27,A,T-27,43.78137166,-79.47130456,15.73281871,101.80779,20,8,0.4,12,0.6,0,0,,,,18,5,0.277777778,26,0.5
28,T,28,A,T-28,43.77236212,-79.46798618,14.72390279,39.48049,20,4,0.2,16,0.8,16,10,0.625,20,0.7,0,0,,,
29,T,29,A,T-29,43.76264866,-79.46586661,13.69924413,4234.15771,20,9,0.45,11,0.55,0,0,,,,11,2,0.181818182,20,0.55
30,T,30,A,T-30,43.75188371,-79.46404388,12.59972112,3679.8103,20,3,0.15,17,0.85,17,1,0.058823529,20,0.2,0,0,,,
31,T,31,A,T-31,43.74526825,-79.43615832,10.8844913,6422.00244,20,4,0.2,16,0.8,0,0,,,,16,3,0.1875,20,0.35
32,T,32,A,T-32,43.7369396,-79.43353511,9.95581456,5154.57178,19,1,0.052631579,18,0.947368421,18,8,0.444444444,19,0.473684211,0,0,,,
33,T,33,A,T-33,43.72485836,-79.43082152,8.657680375,7671.22705,19,7,0.368421053,12,0.631578947,0,0,,,,12,5,0.416666667,19,0.631578947
34,T,34,A,T-34,43.7147905,-79.42897945,7.609965369,5764.28467,20,3,0.15,17,0.85,17,11,0.647058824,20,0.7,0,0,,,
35,T,35,A,T-35,43.70414094,-79.42665935,6.514179791,6898.28369,20,11,0.55,9,0.45,0,0,,,,9,4,0.444444444,20,0.75
36,T,36,A,T-36,43.69416336,-79.42296751,5.448731358,4802.37744,20,8,0.4,12,0.6,12,10,0.833333333,20,0.9,0,0,,,
37,T,37,A,T-37,43.68315226,-79.41975321,4.372424037,6814.25293,20,4,0.2,16,0.8,0,0,,,,16,3,0.1875,20,0.35
38,T,38,A,T-38,43.67198534,-79.41420663,3.249424607,7987.03516,20,1,0.05,19,0.95,19,7,0.368421053,20,0.4,0,0,,,
39,T,39,A,T-39,43.66346793,-79.41200875,2.679125587,8025.08691,20,6,0.3,14,0.7,0,0,,,,14,2,0.142857143,20,0.4
40,T,40,A,T-40,43.6571995,-79.40756003,2.196430572,11364.2207,20,3,0.15,17,0.85,17,4,0.235294118,20,0.35,0,0,,,
41,T,41,A,T-41,43.64994276,-79.404773,2.084572866,14161.99512,20,1,0.05,19,0.95,0,0,,,,19,6,0.315789474,20,0.35
42,T,42,A,T-42,43.64299751,-79.40337219,2.359796794,14161.99512,20,3,0.15,17,0.85,17,6,0.352941176,20,0.45,0,0,,,
43,T,43,A,T-43,43.63471312,-79.39920481,2.822996179,15644.37012,20,3,0.15,17,0.85,0,0,,,,17,6,0.352941176,20,0.45
44,T,44,,T-44,43.9245128,-79.08185722,38.27093784,7.66973,20,8,0.4,12,0.6,12,5,0.416666667,20,0.65,0,0,,,
45,T,45,,T-45,43.93313507,-79.06836318,39.69624114,130.68802,17,0,0,17,1,0,0,,,,17,2,0.117647059,17,0.117647059
46,T,46,,T-46,43.93306056,-79.0570302,40.26980955,51.0061,20,3,0.15,17,0.85,16,2,0.125,19,0.263157895,0,0,,,
47,T,47,,T-47,43.93348371,-79.0469891,40.82921112,5.99854,20,10,0.5,10,0.5,0,0,,,,10,0,0,20,0.5
48,T,48,,T-48,43.93653932,-79.03338044,41.80543287,17.92999,20,17,0.85,3,0.15,3,2,0.666666667,20,0.95,0,0,,,
49,T,49,,T-49,43.93848157,-79.02309311,42.51875751,11.73823,20,5,0.25,15,0.75,0,0,,,,13,2,0.153846154,18,0.388888889
50,T,50,,T-50,43.93976008,-79.01063322,43.30257991,24.63247,13,8,0.615384615,5,0.384615385,5,4,0.8,13,0.923076923,0,0,,,
51,T,51,B,T-51,43.66677071,-79.58811171,16.75883461,175.88289,20,3,0.15,17,0.85,0,0,,,,17,0,0,20,0.15
52,T,52,B,T-52,43.65359237,-79.59483319,17.26161347,136.96825,20,8,0.4,12,0.6,12,12,1,20,1,0,0,,,
53,T,53,B,T-53,43.65254421,-79.61222466,18.66286948,0,20,3,0.15,17,0.85,0,0,,,,15,2,0.133333333,18,0.277777778
54,T,54,B,T-54,43.64917643,-79.6210086,19.38120034,0,19,7,0.368421053,12,0.631578947,12,7,0.583333333,19,0.736842105,0,0,,,
55,T,55,B,T-55,43.64228065,-79.6307686,20.21078898,2.63986,20,4,0.2,16,0.8,0,0,,,,16,4,0.25,20,0.4
56,T,56,B,T-56,43.63520223,-79.63887687,20.93525291,0,20,4,0.2,16,0.8,16,10,0.625,20,0.7,0,0,,,
57,T,57,B,T-57,43.62759151,-79.650179,21.94681436,462.85559,19,2,0.105263158,17,0.894736842,0,0,,,,17,2,0.117647059,19,0.210526316
58,T,58,B,T-58,43.62269316,-79.66040198,22.84425427,4703.44775,20,4,0.2,16,0.8,16,7,0.4375,20,0.55,0,0,,,
59,T,59,B,T-59,43.61869318,-79.67039911,23.71311951,855.31268,20,4,0.2,16,0.8,0,0,,,,16,1,0.0625,20,0.25
60,T,60,B,T-60,43.61443904,-79.68222202,24.73542985,870.54932,18,8,0.444444444,10,0.555555556,10,6,0.6,18,0.777777778,0,0,,,
61,T,61,B,T-61,43.60973886,-79.6888543,25.36193198,2033.453,20,6,0.3,14,0.7,0,0,,,,14,4,0.285714286,20,0.5
62,T,62,B,T-62,43.59252008,-79.68810147,25.76439707,6432.54785,20,9,0.45,11,0.55,11,3,0.272727273,20,0.6,0,0,,,
63,T,63,B,T-63,43.58807494,-79.69810103,26.67613163,4805.04248,20,5,0.25,15,0.75,0,0,,,,15,5,0.333333333,20,0.5
64,T,64,B,T-64,43.58249518,-79.70595034,27.46226114,1865.55847,20,8,0.4,12,0.6,12,3,0.25,20,0.55,0,0,,,
65,T,65,B,T-65,43.56542753,-79.69993662,27.63846772,2806.50952,20,11,0.55,9,0.45,0,0,,,,9,2,0.222222222,20,0.65
66,T,66,B,T-66,43.55596515,-79.71029559,28.80866136,2668.22437,17,5,0.294117647,12,0.705882353,12,6,0.5,17,0.647058824,0,0,,,
67,T,67,B,T-67,43.54694878,-79.72037514,29.95275923,6880.02295,20,7,0.35,13,0.65,0,0,,,,13,6,0.461538462,20,0.65
68,T,68,B,T-68,43.54053796,-79.7268469,30.72253847,3234.25586,20,7,0.35,13,0.65,13,9,0.692307692,20,0.8,0,0,,,
69,T,69,B,T-69,43.52370691,-79.74580418,32.91273428,9.77887,20,7,0.35,13,0.65,0,0,,,,13,2,0.153846154,20,0.45
70,T,70,B,T-70,43.51813295,-79.75202867,33.64117455,26.7805,19,8,0.421052632,11,0.578947368,11,9,0.818181818,19,0.894736842,0,0,,,
71,T,71,B,T-71,43.50122643,-79.75847466,34.99371703,16.52911,20,7,0.35,13,0.65,0,0,,,,13,3,0.230769231,20,0.5
72,T,72,B,T-72,43.48836331,-79.75211863,35.286387,9.36259,20,12,0.6,8,0.4,0,0,,,,8,1,0.125,20,0.65
73,T,73,B,T-73,43.47841214,-79.76314166,36.63025517,10.86002,20,7,0.35,13,0.65,13,9,0.692307692,20,0.8,0,0,,,
74,T,74,B,T-74,43.47103724,-79.77122198,37.62391386,11.29909,17,7,0.411764706,10,0.588235294,10,7,0.7,17,0.823529412,0,0,,,
75,T,75,B,T-75,43.45752564,-79.75460259,37.38036309,2420.198,20,11,0.55,9,0.45,0,0,,,,14,10,0.714285714,25,0.84
76,T,76,B,T-76,43.44216873,-79.77350687,39.62431944,279.1752,20,8,0.4,12,0.6,8,5,0.625,16,0.8125,0,0,,,
77,T,77,B,T-77,43.446351,-79.79789595,40.94554375,12.60942,18,8,0.444444444,10,0.555555556,0,0,,,,8,6,0.75,16,0.875
78,T,78,B,T-78,43.43697531,-79.80823568,42.22817051,12.01066,19,8,0.421052632,11,0.578947368,8,2,0.25,16,0.625,0,0,,,
79,T,79,B,T-79,43.43666174,-79.82504026,43.36108087,9.70817,20,10,0.5,10,0.5,0,0,,,,16,9,0.5625,26,0.730769231
80,T,80,B,T-80,43.4281789,-79.83364941,44.46925602,19.2818,20,12,0.6,8,0.4,5,4,0.8,17,0.941176471,0,0,,,
81,T,81,B,T-81,43.41100034,-79.83634158,45.76323786,20.49792,20,6,0.3,14,0.7,0,0,,,,14,2,0.142857143,20,0.4
82,T,82,B,T-82,43.40464167,-79.84302214,46.61916096,19.43173,20,11,0.55,9,0.45,9,8,0.888888889,20,0.95,0,0,,,
83,T,83,B,T-83,43.3983028,-79.85073545,47.54144397,18.26175,20,8,0.4,12,0.6,0,0,,,,12,2,0.166666667,20,0.5
84,T,84,B,T-84,43.67341473,-79.56898504,15.29898178,1472.43787,17,2,0.117647059,15,0.882352941,15,3,0.2,17,0.294117647,0,0,,,
85,T,85,B,T-85,43.68469058,-79.56377071,15.09510776,2998.79541,20,2,0.1,18,0.9,0,0,,,,18,5,0.277777778,20,0.35
86,T,86,B,T-86,43.68870796,-79.54969796,14.09843528,2964.62012,20,2,0.1,18,0.9,18,6,0.333333333,20,0.4,0,0,,,
87,T,87,B,T-87,43.69236333,-79.53795555,13.30515087,2816.19189,20,5,0.25,15,0.75,0,0,,,,15,4,0.266666667,20,0.45
88,T,88,B,T-88,43.69756271,-79.52454705,12.48313509,4636.33691,20,4,0.2,16,0.8,16,8,0.5,20,0.6,0,0,,,
89,T,89,B,T-89,43.70104785,-79.51156759,11.67978852,4870.57959,20,4,0.2,16,0.8,0,0,,,,16,5,0.3125,20,0.45
90,T,90,B,T-90,43.70214998,-79.49979723,10.88885719,5130.38916,20,8,0.4,12,0.6,20,6,0.3,28,0.5,0,0,,,
91,T,91,B,T-91,43.70514398,-79.48893699,10.29858451,5463.38574,20,4,0.2,16,0.8,4,0,0,8,0.5,8,2,0.25,12,0.5
92,T,92,B,T-92,43.70942878,-79.47234106,9.483844272,1257.64319,20,4,0.2,16,0.8,0,0,,,,0,0,,,
93,T,93,B,T-93,43.71300431,-79.46299192,9.17881126,2223.24731,20,7,0.35,13,0.65,0,0,,,,8,2,0.25,15,0.6
94,T,94,B,T-94,43.71542577,-79.44979852,8.645589556,4512.35059,19,7,0.368421053,12,0.631578947,1,1,1,8,1,0,0,,,
95,T,95,C,T-95,43.95298206,-78.9600189,47.19441706,890.37848,19,8,0.421052632,11,0.578947368,0,0,,,,10,4,0.4,18,0.666666667
96,T,96,C,T-96,43.95415941,-78.97423694,46.47891387,2979.96265,20,6,0.3,14,0.7,14,8,0.571428571,20,0.7,0,0,,,
97,T,97,C,T-97,43.957231,-78.997517,45.43933214,19.20134,20,8,0.4,12,0.6,0,0,,,,12,2,0.166666667,20,0.5
98,T,98,C,T-98,43.96003555,-79.00767202,45.12508531,14.20887,20,16,0.8,4,0.2,4,1,0.25,20,0.85,0,0,,,
99,T,99,C,T-99,43.9394414,-79.01742952,42.9047192,11.73823,19,17,0.894736842,2,0.105263158,0,0,,,,2,0,0,19,0.894736842
100,T,100,C,T-100,43.93221747,-79.03384622,41.42377752,35.81465,20,6,0.3,14,0.7,14,10,0.714285714,20,0.8,0,0,,,
101,T,101,C,T-101,43.93092424,-79.05568178,40.15887225,51.0061,20,2,0.1,18,0.9,0,0,,,,18,5,0.277777778,20,0.35
102,T,102,C,T-102,43.92854685,-79.06640839,39.40240288,71.24227,20,6,0.3,14,0.7,14,9,0.642857143,20,0.75,0,0,,,
103,T,103,C,T-103,43.92464106,-79.07007854,38.88067509,64.68121,20,6,0.3,14,0.7,0,0,,,,14,5,0.357142857,20,0.55
104,T,104,C,T-104,43.89005593,-79.06586621,36.25122766,291.34387,20,8,0.4,12,0.6,12,8,0.666666667,20,0.8,0,0,,,
105,T,105,C,T-105,43.90227072,-79.09777029,35.54962091,6.3145,8,5,0.625,3,0.375,0,0,,,,3,1,0.333333333,8,0.75
106,T,106,C,T-106,43.89434269,-79.13011439,33.24587016,6.89474,20,7,0.35,13,0.65,13,7,0.538461538,20,0.7,0,0,,,
107,T,107,C,T-107,43.89120349,-79.14366973,32.31710565,22.42393,20,1,0.05,19,0.95,0,0,,,,18,5,0.277777778,19,0.315789474
108,T,108,C,T-108,43.8813535,-79.14593607,31.32900119,23.40504,20,2,0.1,18,0.9,15,4,0.266666667,17,0.352941176,0,0,,,
109,T,109,C,T-109,43.86494226,-79.17410511,28.52157894,8.53278,18,3,0.166666667,15,0.833333333,0,0,,,,15,4,0.266666667,18,0.388888889
110,T,110,C,T-110,43.85366235,-79.18029383,27.21461862,14.73136,20,3,0.15,17,0.85,17,11,0.647058824,20,0.7,0,0,,,
111,T,111,C,T-111,43.8500703,-79.19347686,26.27477308,18.6902,20,5,0.25,15,0.75,0,0,,,,15,4,0.266666667,20,0.45
112,T,112,C,T-112,43.84474537,-79.21667322,24.75370266,45.60552,20,11,0.55,9,0.45,9,8,0.888888889,20,0.95,0,0,,,
113,T,113,C,T-113,43.83980802,-79.23145293,23.66919665,2658.03394,20,3,0.15,17,0.85,0,0,,,,17,5,0.294117647,20,0.4
114,T,114,C,T-114,43.83784332,-79.24921964,22.78743973,1875.01929,20,10,0.5,10,0.5,10,1,0.1,20,0.55,0,0,,,
115,T,115,C,T-115,43.83430312,-79.26242083,21.96157466,6074.81982,18,12,0.666666667,6,0.333333333,5,0,0,17,0.705882353,5,1,0.2,17,0.764705882
116,T,116,C,T-116,43.83251828,-79.27349158,21.4111158,3691.05469,20,5,0.25,15,0.75,15,4,0.266666667,20,0.45,0,0,,,
117,T,117,C,T-117,43.82853877,-79.28746333,20.57363551,7457.98682,20,0,0,20,1,0,0,,,,20,4,0.2,20,0.2
118,T,118,C,T-118,43.82482022,-79.30292324,19.76383325,2089.51196,20,2,0.1,18,0.9,18,8,0.444444444,20,0.5,0,0,,,
119,T,119,C,T-119,43.82545532,-79.31859168,19.47303527,3612.30322,20,3,0.15,17,0.85,0,0,,,,17,3,0.176470588,20,0.3
120,T,120,C,T-120,43.74692717,-79.30835738,11.63818401,3936.89844,20,1,0.05,19,0.95,19,7,0.368421053,20,0.4,0,0,,,
121,T,121,C,T-121,43.7414388,-79.31842839,10.713829,920.61096,20,2,0.1,18,0.9,0,0,,,,18,4,0.222222222,20,0.3
122,T,122,C,T-122,43.7387551,-79.33702561,9.827241456,2743.14185,20,4,0.2,16,0.8,16,8,0.5,20,0.6,0,0,,,
123,T,123,C,T-123,43.73896784,-79.35153552,9.500224637,1943.85718,20,4,0.2,16,0.8,0,0,,,,16,7,0.4375,20,0.55
124,T,124,C,T-124,43.73483029,-79.35765708,8.941675434,1943.85718,20,9,0.45,11,0.55,11,8,0.727272727,20,0.85,0,0,,,
125,T,125,C,T-125,43.7322003,-79.37212899,8.487428876,393.88623,20,2,0.1,18,0.9,0,0,,,,18,5,0.277777778,20,0.35
126,T,126,C,T-126,43.72818884,-79.39206116,8.071495344,6074.09521,20,5,0.25,15,0.75,13,6,0.461538462,18,0.611111111,0,0,,,
127,T,127,C,T-127,43.72146965,-79.40925437,7.632499682,4709.37109,20,2,0.1,18,0.9,0,0,,,,18,1,0.055555556,20,0.15
128,T,128,C,T-128,43.72226108,-79.42658187,8.24439858,7671.22705,19,3,0.157894737,16,0.842105263,16,6,0.375,19,0.473684211,0,0,,,
129,Y,1,,Y-1,41.06684063,-73.7664428,34.52489898,292.64188,20,7,0.35,13,0.65,,,,,,,,,,
130,Y,2,,Y-2,41.05764423,-73.76585573,33.64774301,815.93097,17,6,0.352941176,11,0.647058824,,,,,,,,,,
131,Y,3,,Y-3,41.0487271,-73.7707796,32.58000969,2568.84546,19,12,0.631578947,7,0.368421053,,,,,,,,,,
132,Y,4,,Y-4,41.03940032,-73.76651782,31.85569231,9380.03613,20,3,0.15,17,0.85,,,,,,,,,,
133,Y,5,,Y-5,41.028981,-73.7625079,31.0389975,6820.9043,20,4,0.2,16,0.8,,,,,,,,,,
134,Y,6,,Y-6,41.02321387,-73.7743217,29.97403414,6158.58008,20,2,0.1,18,0.9,,,,,,,,,,
135,Y,7,,Y-7,41.01662283,-73.77748979,29.209467,1655.52466,20,2,0.1,18,0.9,,,,,,,,,,
136,Y,8,,Y-8,41.006171,-73.783879,27.93842086,1512.2594,20,5,0.25,15,0.75,,,,,,,,,,
137,Y,9,,Y-9,40.99805,-73.789164,26.93715648,504.56079,20,3,0.15,17,0.85,,,,,,,,,,
138,Y,10,,Y-10,40.98898405,-73.79618912,25.76973705,1480.96936,20,2,0.1,18,0.9,,,,,,,,,,
139,Y,11,,Y-11-I,40.98291495,-73.80193395,24.94203509,2986.25293,20,3,0.15,17,0.85,,,,,,,,,,
140,Y,11,,Y-11-II,40.97248577,-73.80600214,23.77855367,874.96698,20,3,0.15,17,0.85,,,,,,,,,,
141,Y,13,,Y-13,40.96374776,-73.81116181,22.72703141,3273.34692,20,8,0.4,12,0.6,,,,,,,,,,
142,Y,14,,Y-14,40.95393317,-73.81533771,21.62258726,3442.30688,20,2,0.1,18,0.9,,,,,,,,,,
143,Y,15,,Y-15,40.94553252,-73.82073067,20.59473892,2933.16089,20,3,0.15,17,0.85,,,,,,,,,,
144,Y,16,,Y-16,40.93617494,-73.81817902,19.8683329,1780.01563,20,1,0.05,19,0.95,,,,,,,,,,
145,Y,17,,Y-17,40.928282,-73.821338,19.00652668,2148.15894,20,3,0.15,17,0.85,,,,,,,,,,
146,Y,18,,Y-18,40.92207784,-73.8243115,18.30748396,5752.2876,18,2,0.111111111,16,0.888888889,,,,,,,,,,
147,Y,19,,Y-19,40.91708234,-73.83565107,17.28853631,10014.61328,19,2,0.105263158,17,0.894736842,,,,,,,,,,
148,Y,20,,Y-20,40.91317406,-73.843813,16.53349327,9092.5791,20,3,0.15,17,0.85,,,,,,,,,,
149,Y,21,,Y-21,40.90569091,-73.845136,15.79675826,11122.49219,20,4,0.2,16,0.8,,,,,,,,,,
150,Y,22,,Y-22,40.89962834,-73.86090244,14.4759995,8906.74512,20,3,0.15,17,0.85,,,,,,,,,,
151,Y,23,,Y-23,40.89145647,-73.8636153,13.60118029,20173.67188,20,0,0,20,1,,,,,,,,,,
152,Y,24,,Y-24,40.88470622,-73.86632708,12.86131534,20173.67188,20,5,0.25,15,0.75,,,,,,,,,,
153,Y,25,,Y-25,40.87018885,-73.87557481,11.10882203,20155.91797,20,4,0.2,16,0.8,,,,,,,,,,
154,Y,26,,Y-26,40.86567493,-73.89644558,9.678648593,35578.60547,20,5,0.25,15,0.75,,,,,,,,,,
155,Y,27,,Y-27,40.85026895,-73.90124423,8.036413952,46835.33984,20,2,0.1,18,0.9,,,,,,,,,,
156,Y,28,,Y-28,40.84161268,-73.90571903,7.043851647,23801.01172,20,3,0.15,17,0.85,,,,,,,,,,
157,Y,29,,Y-29,40.8341159,-73.92268777,5.533034722,39356.66797,20,0,0,20,1,,,,,,,,,,
158,Y,30,,Y-30,40.82864985,-73.92304326,5.013423275,35176.50391,20,2,0.1,18,0.9,,,,,,,,,,
159,Y,31,,Y-31,40.82173173,-73.92680239,4.209518047,5759.36914,20,1,0.05,19,0.95,,,,,,,,,,
160,Y,32,,Y-32,40.82362801,-73.94303319,3.720675857,27127.49414,14,4,0.285714286,10,0.714285714,,,,,,,,,,
161,Y,33,,Y-33,40.81715555,-73.94882695,2.886404472,27127.49414,20,4,0.2,16,0.8,,,,,,,,,,
162,Y,34,,Y-34,40.8096206,-73.95556276,1.954134733,26165.51953,20,0,0,20,1,,,,,,,,,,
163,Y,35,,Y-35,40.80236679,-73.96060215,1.15758691,39779.48438,20,5,0.25,15,0.75,,,,,,,,,,
164,Y,36,,Y-36,40.77152578,-73.97473281,2.690791765,4508.23438,20,4,0.2,16,0.8,,,,,,,,,,
165,Y,37,,Y-37,41.120385,-73.74837,40.52230278,188.45993,20,6,0.3,14,0.7,,,,,,,,,,
166,Y,38,,Y-38,41.1183575,-73.75784761,39.97838738,555.97241,20,0,0,20,1,,,,,,,,,,
167,Y,39,,Y-39,41.11609106,-73.77070774,39.30550409,348.83801,20,5,0.25,15,0.75,,,,,,,,,,
168,Y,40,,Y-40,41.10651726,-73.77717571,38.11304801,180.70439,20,8,0.4,12,0.6,,,,,,,,,,
169,Y,41,,Y-41,41.09847354,-73.77745049,37.28538781,547.11371,20,1,0.05,19,0.95,,,,,,,,,,
170,Y,42,,Y-42,41.08746602,-73.77521785,36.25019861,1363.54199,20,6,0.3,14,0.7,,,,,,,,,,
171,Y,43,,Y-43,41.07399204,-73.77642053,34.85510272,1039.81799,20,6,0.3,14,0.7,,,,,,,,,,
172,Y,44,,Y-44,41.12913964,-73.77950081,40.35875113,1334.88855,20,7,0.35,13,0.65,,,,,,,,,,
173,Y,45,,Y-45,41.1384732,-73.77759914,41.38195729,1359.95947,20,4,0.2,16,0.8,,,,,,,,,,
174,Y,46,,Y-46,41.14751187,-73.77691248,42.3391554,1194.91284,20,7,0.35,13,0.65,,,,,,,,,,
175,Y,47,,Y-47,41.15595431,-73.77268194,43.34248512,796.71167,20,6,0.3,14,0.7,,,,,,,,,,
176,Y,48,,Y-48,41.15926012,-73.76484582,43.92421565,989.14478,19,2,0.105263158,17,0.894736842,,,,,,,,,,
177,M,1,,M-1,45.56934379,-74.07346078,40.13121749,65.00409,20,12,0.6,8,0.4,,,,,,,,,,
178,M,2,,M-2,45.57299466,-74.05999561,39.17982101,38.93791,20,7,0.35,13,0.65,,,,,,,,,,
179,M,3,,M-3,45.57280085,-74.04900472,38.33734723,45.41452,20,8,0.4,12,0.6,,,,,,,,,,
180,M,4,,M-4,45.57247695,-74.03409156,37.19381561,33.55051,19,14,0.736842105,5,0.263157895,,,,,,,,,,
181,M,5,,M-5,45.57076844,-74.01950003,36.04338546,50.16728,20,4,0.2,16,0.8,,,,,,,,,,
182,M,6,,M-6,45.56966645,-74.00705677,35.07070457,63.27675,20,6,0.3,14,0.7,,,,,,,,,,
183,M,7,,M-7,45.56690086,-73.9932963,33.95879726,64.30776,20,11,0.55,9,0.45,,,,,,,,,,
184,M,8,,M-8,45.563098,-73.98162855,32.98273713,125.98777,20,5,0.25,15,0.75,,,,,,,,,,
185,M,9,,M-9,45.5630897,-73.97513111,32.48744969,125.98777,20,10,0.5,10,0.5,,,,,,,,,,
186,M,10,,M-10,45.56192835,-73.959911,31.30164857,49.67008,20,10,0.5,10,0.5,,,,,,,,,,
187,M,11,,M-11,45.56484695,-73.94591068,30.30933946,62.59955,20,10,0.5,10,0.5,,,,,,,,,,
188,M,12,,M-12,45.56669213,-73.93328349,29.40215741,4162.10645,20,5,0.25,15,0.75,,,,,,,,,,
189,M,13,,M-13,45.56520644,-73.92067352,28.40985077,230.99887,20,3,0.15,17,0.85,,,,,,,,,,
190,M,14,,M-14,45.55990956,-73.91022974,27.479738,3135.09326,20,9,0.45,11,0.55,,,,,,,,,,
191,M,15,,M-15,45.5589571,-73.89738435,26.48270448,2977.21411,20,4,0.2,16,0.8,,,,,,,,,,
192,M,16,,M-16,45.55711888,-73.88796409,25.72173404,3232.95117,20,14,0.7,6,0.3,,,,,,,,,,
193,M,17,,M-17,45.55605498,-73.87914922,25.02693594,2512.64136,20,4,0.2,16,0.8,,,,,,,,,,
194,M,18,,M-18,45.55025975,-73.86715871,23.97010941,2808.73853,20,8,0.4,12,0.6,,,,,,,,,,
195,M,19,,M-19,45.55298773,-73.85521792,23.13626385,1804.40283,20,12,0.6,8,0.4,,,,,,,,,,
196,M,20,,M-20,45.55708877,-73.84279249,22.3190066,576.11969,20,15,0.75,5,0.25,,,,,,,,,,
197,M,21,,M-21,45.56111544,-73.83193805,21.63810869,1842.84668,20,9,0.45,11,0.55,,,,,,,,,,
198,M,22,,M-22,45.57088868,-73.82084163,21.1825973,3334.71631,20,11,0.55,9,0.45,,,,,,,,,,
199,M,23,,M-23,45.5768736,-73.81061375,20.69931197,3632.17407,20,6,0.3,14,0.7,,,,,,,,,,
200,M,24,,M-24,45.57929998,-73.79797889,19.91673185,2647.85718,20,10,0.5,10,0.5,,,,,,,,,,
201,M,25,,M-25,45.58005914,-73.78471804,19.02840884,1346.26013,18,13,0.722222222,5,0.277777778,,,,,,,,,,
202,M,26,,M-26,45.58452609,-73.77195527,18.39140083,1516.32751,20,10,0.5,10,0.5,,,,,,,,,,
203,M,27,,M-27,45.591169,-73.760746,18.03442358,89.52764,20,10,0.5,10,0.5,,,,,,,,,,
204,M,28,,M-28,45.5975484,-73.7511447,17.82712975,24.05896,20,7,0.35,13,0.65,,,,,,,,,,
205,M,29,,M-29,45.59008612,-73.74237381,16.78702045,0.89406,20,7,0.35,13,0.65,,,,,,,,,,
206,M,30,,M-30,45.58148718,-73.73368955,15.68553875,1001.35211,20,7,0.35,13,0.65,,,,,,,,,,
207,M,31,,M-31,45.57366826,-73.72334944,14.5335993,1598.02539,20,11,0.55,9,0.45,,,,,,,,,,
208,M,32,,M-32,45.56484318,-73.71801446,13.66198729,5775.00049,20,12,0.6,8,0.4,,,,,,,,,,
209,M,33,,M-33,45.55740048,-73.71112005,12.78555756,4641.37549,20,1,0.05,19,0.95,,,,,,,,,,
210,M,34,,M-34,45.55547376,-73.70115907,12.00391318,5440.71045,20,6,0.3,14,0.7,,,,,,,,,,
211,M,35,,M-35,45.55865662,-73.69099976,11.51240244,5525.19385,20,15,0.75,5,0.25,,,,,,,,,,
212,M,36,,M-36,45.55972836,-73.68374907,11.1121048,5525.19385,20,7,0.35,13,0.65,,,,,,,,,,
213,M,37,,M-37,45.55584406,-73.67163401,10.0942226,5069.12451,20,5,0.25,15,0.75,,,,,,,,,,
214,M,38,,M-38,45.54825675,-73.66626104,9.267622647,6058.03613,20,17,0.85,3,0.15,,,,,,,,,,
215,M,39,,M-39,45.54562383,-73.65374077,8.299018178,1645.87061,20,10,0.5,10,0.5,,,,,,,,,,
216,M,40,,M-40,45.54191955,-73.64210049,7.325058471,6040.11523,20,3,0.15,17,0.85,,,,,,,,,,
217,M,41,,M-41,45.53829045,-73.63107955,6.400531467,5970.17432,20,3,0.15,17,0.85,,,,,,,,,,
218,M,42,,M-42,45.53274055,-73.61706341,5.167941347,9704.18652,20,16,0.8,4,0.2,,,,,,,,,,
219,M,43,,M-43,45.53113143,-73.61174832,4.740884421,6433.08691,18,8,0.444444444,10,0.555555556,,,,,,,,,,
220,M,44,,M-44,45.52464489,-73.60023997,3.594303406,12753.98633,17,10,0.588235294,7,0.411764706,,,,,,,,,,
221,M,45,,M-45,45.52405024,-73.59301114,3.164329294,13340.42969,19,13,0.684210526,6,0.315789474,,,,,,,,,,
222,M,46,,M-46,45.51683772,-73.58796468,2.304067588,13605.02637,20,1,0.05,19,0.95,,,,,,,,,,
223,M,47,,M-47,45.51337348,-73.57488351,1.392526351,14394.77441,19,12,0.631578947,7,0.368421053,,,,,,,,,,
224,M,48,,M-48,45.51036096,-73.56700523,0.924451491,14394.77441,19,12,0.631578947,7,0.368421053,,,,,,,,,,
225,M,49,,M-49,45.5062501,-73.55201193,1.276397423,3912.85303,20,8,0.4,12,0.6,,,,,,,,,,
226,B,1,,B-1,41.96177446,-71.06764441,43.69764884,241.34775,18,7,0.388888889,11,0.611111111,,,,,,,,,,
227,B,2,,B-2,41.97083412,-71.06759442,42.69025455,136.08723,20,4,0.2,16,0.8,,,,,,,,,,
228,B,3,,B-3,41.97808151,-71.06965929,41.88508282,109.01729,20,8,0.4,12,0.6,,,,,,,,,,
229,B,4A,,B-4A,41.98658649,-71.07023258,40.93971461,24.45435,20,6,0.3,14,0.7,,,,,,,,,,
230,B,4B,,B-4B,42.00014208,-71.06601195,39.43129208,7.23358,20,2,0.1,18,0.9,,,,,,,,,,
231,B,5,,B-5,42.00624898,-71.06649104,38.75221239,7.23358,20,4,0.2,16,0.8,,,,,,,,,,
232,B,6,,B-6,42.01394829,-71.06637044,37.89609113,339.30588,20,5,0.25,15,0.75,,,,,,,,,,
233,B,7,,B-7,42.02501343,-71.06592721,36.66573541,230.74377,20,8,0.4,12,0.6,,,,,,,,,,
234,B,8,,B-8,42.03395236,-71.07344811,35.6762803,650.854,20,5,0.25,15,0.75,,,,,,,,,,
235,B,9,,B-9,42.04041,-71.076877,34.96405714,556.77515,20,1,0.05,19,0.95,,,,,,,,,,
236,B,10,,B-10,42.04813985,-71.08192856,34.11772446,318.91119,20,3,0.15,17,0.85,,,,,,,,,,
237,B,11,,B-11,42.05979975,-71.08530435,32.83404425,216.83429,20,2,0.1,18,0.9,,,,,,,,,,
238,B,12,,B-12,42.06695597,-71.08677296,32.04527147,103.96498,20,11,0.55,9,0.45,,,,,,,,,,
239,B,13,,B-13,42.07592776,-71.08743943,31.05203559,312.6196,19,3,0.157894737,16,0.842105263,,,,,,,,,,
240,B,14,,B-14,42.0838662,-71.09010149,30.18401258,502.05994,20,5,0.25,15,0.75,,,,,,,,,,
241,B,15,,B-15,42.09411309,-71.09412971,29.07108978,324.4437,20,3,0.15,17,0.85,,,,,,,,,,
242,B,16,,B-16,42.10666515,-71.09907956,27.71625407,482.30737,19,2,0.105263158,17,0.894736842,,,,,,,,,,
243,B,17,,B-17,42.1150072,-71.09925157,26.79455754,501.72852,20,2,0.1,18,0.9,,,,,,,,,,
244,B,18,,B-18,42.12453844,-71.10145155,25.75987643,1734.48767,20,6,0.3,14,0.7,,,,,,,,,,
245,B,19,,B-19,42.13378868,-71.10065041,24.73038644,941.50287,20,0,0,20,1,,,,,,,,,,
246,B,20,,B-20,42.14549385,-71.10570696,23.49117802,320.28342,20,1,0.05,19,0.95,,,,,,,,,,
247,B,21,,B-21,42.15470042,-71.10703975,22.49354076,134.62917,20,6,0.3,14,0.7,,,,,,,,,,
248,B,22,,B-22,42.16488211,-71.11018295,21.41636896,353.70966,20,5,0.25,15,0.75,,,,,,,,,,
249,B,23,,B-23,42.17685436,-71.10997445,20.10209263,780.76984,20,7,0.35,13,0.65,,,,,,,,,,
250,B,24,,B-24,42.18623442,-71.11667148,19.18742774,887.3291,20,3,0.15,17,0.85,,,,,,,,,,
251,B,25,,B-25,42.19821324,-71.11953732,17.94462717,458.84073,20,4,0.2,16,0.8,,,,,,,,,,
252,B,26,,B-26,42.20803485,-71.12078059,16.9139424,68.17931,20,3,0.15,17,0.85,,,,,,,,,,
253,B,27,,B-27,42.21830331,-71.11921855,15.77959371,201.31528,20,3,0.15,17,0.85,,,,,,,,,,
254,B,28,,B-28,42.23645255,-71.10782045,13.5859055,353.28494,20,7,0.35,13,0.65,,,,,,,,,,
255,B,29,,B-29,42.24574783,-71.09323328,12.31840023,883.50812,20,4,0.2,16,0.8,,,,,,,,,,
256,B,30,,B-30,42.25537927,-71.09283653,11.25985265,2484.00781,20,2,0.1,18,0.9,,,,,,,,,,
257,B,31,,B-31,42.26543666,-71.09406738,10.18659309,4625.45898,20,4,0.2,16,0.8,,,,,,,,,,
258,B,32,,B-32,42.27421249,-71.09511461,9.259151879,3998.42139,20,3,0.15,17,0.85,,,,,,,,,,
259,B,33,,B-33,42.28289146,-71.09071116,8.234443703,6618.28223,20,8,0.4,12,0.6,,,,,,,,,,
260,B,34,,B-34,42.29105089,-71.08691289,7.279064472,8566.56738,20,4,0.2,16,0.8,,,,,,,,,,
261,B,35,,B-35,42.30078072,-71.08603758,6.212181745,4132.04102,20,0,0,20,1,,,,,,,,,,
262,B,36,,B-36,42.31164802,-71.07984231,4.916578484,8672.30664,20,2,0.1,18,0.9,,,,,,,,,,
263,B,37,,B-37,42.31940313,-71.07189158,3.95562056,7883.04932,20,2,0.1,18,0.9,,,,,,,,,,
264,B,38,,B-38,42.32643556,-71.06998164,3.16179064,1493.54895,20,2,0.1,18,0.9,,,,,,,,,,
265,B,39,,B-39,42.33410354,-71.08142851,2.602212668,17483.39453,20,0,0,20,1,,,,,,,,,,
266,B,40,,B-40,42.33896004,-71.07279536,1.830185143,9161.78711,20,2,0.1,18,0.9,,,,,,,,,,
267,B,41,,B-41,42.34363291,-71.06662158,1.236850433,6855.2832,20,2,0.1,18,0.9,,,,,,,,,,
268,B,42,,B-42,42.35371708,-71.06504482,0.168464639,11469.30957,20,3,0.15,17,0.85,,,,,,,,,,
269,B,43,,B-43,42.36178484,-71.05943928,0.975179559,10682.40332,20,8,0.4,12,0.6,,,,,,,,,,