City,Population,Transect,Lat.pop,Long.pop
Tampa,1,NA,28.324529,-82.357619
Tampa,2,NA,28.193446,-82.637518
Tampa,3,NA,28.084311,-82.50348
Tampa,4,NA,27.97034,-82.460203
Tampa,5,NA,27.945929,-82.463867
Tampa,6,NA,27.981413,-82.38632
Tampa,7,NA,27.990293,-82.239326
Tampa,8,NA,27.993018,-82.224685
Tampa,9,NA,27.996722,-82.210449
Tampa,10,NA,28.006086,-82.174234
Tampa,11,NA,28.009763,-82.163742
Tampa,12,NA,28.018261,-82.105072
Tampa,13,NA,28.020768,-82.092934
Tampa,14,NA,28.035472,-82.017525
Tampa,15,NA,28.039306,-82.002795
Jacksonville,1,NA,30.332625,-81.652426
Jacksonville,2,NA,30.332602,-81.652372
Jacksonville,3,NA,30.33813,-81.657719
Jacksonville,4,NA,30.341833,-81.660644
Jacksonville,5,NA,30.343828,-81.66172
Jacksonville,6,NA,30.34872,-81.662051
Jacksonville,7,NA,30.365468,-81.643351
Jacksonville,8,NA,30.372029,-81.640097
Jacksonville,9,NA,30.387416,-81.650536
Jacksonville,10,NA,30.389888,-81.656747
Jacksonville,11,NA,30.399336,-81.647373
Jacksonville,12,NA,30.410342,-81.650317
Jacksonville,13,NA,30.441438,-81.639932
Jacksonville,14,NA,30.442688,-81.607167
Jacksonville,15,NA,30.457002,-81.605689
Jacksonville,16,NA,30.459417,-81.619352
Jacksonville,17,NA,30.4661,-81.621807
Jacksonville,18,NA,30.478216,-81.610134
Jacksonville,19,NA,30.484004,-81.59667
Jacksonville,20,NA,30.499398,-81.587485
Jacksonville,21,NA,30.518747,-81.589613
Jacksonville,22,NA,30.629104,-81.57013
Jacksonville,23,NA,30.62603,-81.548181
Jacksonville,24,NA,30.591774,-81.525783
Jacksonville,25,NA,30.596473,-81.516146
Jacksonville,26,NA,30.606432,-81.516968
Jacksonville,27,NA,30.617977,-81.515086
Jacksonville,28,NA,30.643745,-81.529801
Jacksonville,29,NA,30.64001,-81.545268
Jacksonville,30,NA,30.641822,-81.612741
Jacksonville,31,NA,30.650935,-81.623743
Jacksonville,32,NA,30.658639,-81.631185
Jacksonville,33,NA,30.668565,-81.638955
Jacksonville,34,NA,30.684526,-81.651168
Jacksonville,35,NA,30.696098,-81.659974
Atlanta,1,NA,33.580935,-84.690674
Atlanta,2,NA,33.578665,-84.680071
Atlanta,3,NA,33.575253,-84.671089
Atlanta,4,NA,33.572524,-84.662849
Atlanta,5,NA,33.572719,-84.651049
Atlanta,6,NA,33.571768,-84.63809
Atlanta,7,NA,33.575296,-84.630425
Atlanta,8,NA,33.573607,-84.619066
Atlanta,9,NA,33.574739,-84.609136
Atlanta,10,NA,33.574918,-84.59891
Atlanta,11,NA,33.56886,-84.584804
Atlanta,12,NA,33.569995,-84.574178
Atlanta,13,NA,33.57685,-84.559421
Atlanta,14,NA,33.583024,-84.549447
Atlanta,15,NA,33.595387,-84.546821
Atlanta,16,NA,33.604207,-84.537996
Atlanta,17,NA,33.607254,-84.529742
Atlanta,18,NA,33.611845,-84.519007
Atlanta,19,NA,33.619172,-84.510247
Atlanta,20,NA,33.620712,-84.503997
Atlanta,21,NA,33.622626,-84.488884
Atlanta,22,NA,33.624875,-84.477394
Atlanta,23,NA,33.632218,-84.468452
Atlanta,24,NA,33.641732,-84.467683
Atlanta,25,NA,33.651934,-84.470666
Atlanta,26,NA,33.660549,-84.468862
Atlanta,27,NA,33.666759,-84.465386
Atlanta,28,NA,33.671274,-84.460025
Atlanta,29,NA,33.675384,-84.448907
Atlanta,30,NA,33.680742,-84.440582
Atlanta,31,NA,33.696144,-84.432528
Atlanta,32,NA,33.717523,-84.427056
Atlanta,33,NA,33.731223,-84.419373
Atlanta,34,NA,33.744458,-84.417923
Atlanta,35,NA,33.73715,-84.403285
Atlanta,36,NA,33.740698,-84.393074
Atlanta,37,NA,33.748,-84.390479
Atlanta,38,NA,33.754412,-84.385008
Atlanta,39,NA,33.760479,-84.381855
Atlanta,40,NA,33.766849,-84.385062
Atlanta,41,NA,33.768616,-84.382138
Atlanta,42,NA,33.770818,-84.376497
Atlanta,43,NA,33.76918,-84.363643
Atlanta,44,NA,33.770606,-84.357177
Atlanta,45,NA,33.772432,-84.350374
Charlotte,1,NA,35.211203,-80.866152
Charlotte,2,NA,35.215639,-80.857093
Charlotte,3,NA,35.220334,-80.851473
Charlotte,4,NA,35.225256,-80.837693
Charlotte,5,NA,35.230693,-80.842918
Charlotte,6,NA,35.234377,-80.845951
Charlotte,7,NA,35.227886,-80.850384
Charlotte,8,NA,35.22936,-80.842314
Charlotte,9,NA,35.240148,-80.85594
Charlotte,10,NA,35.244373,-80.86339
Charlotte,11,NA,35.250674,-80.870015
Charlotte,12,NA,35.258284,-80.877585
Charlotte,13,NA,35.265117,-80.883306
Charlotte,14,NA,35.27386,-80.890796
Charlotte,15,NA,35.280286,-80.902495
Charlotte,16,NA,35.281324,-80.913457
Charlotte,17,NA,35.286743,-80.922737
Charlotte,18,NA,35.293628,-80.930695
Charlotte,19,NA,35.302275,-80.936494
Charlotte,20,NA,35.316911,-80.943556
Charlotte,21,NA,35.320359,-80.952382
Charlotte,22,NA,35.331405,-80.958572
Charlotte,23,NA,35.344876,-80.967434
Charlotte,24,NA,35.357992,-80.989697
Charlotte,25,NA,35.364889,-80.997856
Charlotte,26,NA,35.376333,-81.003552
Charlotte,27,NA,35.387481,-81.009826
Charlotte,28,NA,35.399819,-81.008975
Charlotte,29,NA,35.416454,-81.010611
Charlotte,30,NA,35.429989,-81.011185
Charlotte,31,NA,35.443642,-80.99771
Charlotte,32,NA,35.462018,-80.992411
Charlotte,33,NA,35.475416,-81.001209
Charlotte,34,NA,35.488837,-81.018644
Charlotte,35,NA,35.496607,-81.019761
Charlotte,36,NA,35.498083,-81.043425
Charlotte,37,NA,35.503154,-81.05091
Charlotte,38,NA,35.515316,-81.059033
Charlotte,39,NA,35.525837,-81.058782
Charlotte,40,NA,35.538963,-81.065687
Norfolk,1,NA,36.525734,-76.249271
Norfolk,2,NA,36.533611,-76.250144
Norfolk,3,NA,36.547404,-76.242498
Norfolk,4,NA,36.551477,-76.231768
Norfolk,5,NA,36.559063,-76.227748
Norfolk,6,NA,36.559572,-76.215362
Norfolk,7,NA,36.561527,-76.201243
Norfolk,8,NA,36.575297,-76.200138
Norfolk,9,NA,36.587979,-76.205732
Norfolk,10,NA,36.598354,-76.209854
Norfolk,11,NA,36.605777,-76.210656
Norfolk,12,NA,36.61921,-76.211041
Norfolk,13,NA,36.631025,-76.208698
Norfolk,14,NA,36.644722,-76.216359
Norfolk,15,NA,36.654205,-76.223186
Norfolk,16,NA,36.666569,-76.226393
Norfolk,17,NA,36.675113,-76.226349
Norfolk,18,NA,36.686555,-76.229694
Norfolk,19,NA,36.697414,-76.232788
Norfolk,20,NA,36.706203,-76.235476
Norfolk,21,NA,36.715957,-76.238299
Norfolk,22,NA,36.725735,-76.242221
Norfolk,23,NA,36.739235,-76.241467
Norfolk,24,NA,36.750321,-76.245681
Norfolk,25,NA,36.758379,-76.24845
Norfolk,26,NA,36.768737,-76.251939
Norfolk,27,NA,36.785235,-76.258458
Norfolk,28,NA,36.793588,-76.260703
Norfolk,29,NA,36.804583,-76.262898
Norfolk,30,NA,36.813869,-76.263466
Norfolk,31,NA,36.828899,-76.260809
Norfolk,32,NA,36.83578,-76.263065
Norfolk,33,NA,36.847041,-76.271875
Norfolk,34,NA,36.853598,-76.278857
Norfolk,35,NA,36.852334,-76.285657
Norfolk,36,NA,36.846924,-76.285781
Norfolk,37,NA,36.846861,-76.294678
Norfolk,38,NA,36.843603,-76.288229
Norfolk,39,NA,36.849063,-76.290702
Norfolk,40,NA,36.860801,-76.285964
Washington D.C.,1,NA,39.250695,-77.380207
Washington D.C.,2,NA,39.250062,-77.36861
Washington D.C.,3,NA,39.247967,-77.357548
Washington D.C.,4,NA,39.244985,-77.340939
Washington D.C.,5,NA,39.242638,-77.322114
Washington D.C.,6,NA,39.231935,-77.329001
Washington D.C.,7,NA,39.218401,-77.331079
Washington D.C.,8,NA,39.200334,-77.326746
Washington D.C.,9,NA,39.193239,-77.334808
Washington D.C.,10,NA,39.181441,-77.35294
Washington D.C.,11,NA,39.137957,-77.355568
Washington D.C.,12,NA,39.128379,-77.341539
Washington D.C.,13,NA,39.12447,-77.323035
Washington D.C.,14,NA,39.101591,-77.294314
Washington D.C.,15,NA,39.085934,-77.297883
Washington D.C.,16,NA,39.068703,-77.283129
Washington D.C.,17,NA,39.057232,-77.277096
Washington D.C.,18,NA,39.046957,-77.264215
Washington D.C.,19,NA,39.039745,-77.24977
Washington D.C.,20,NA,39.027263,-77.231706
Washington D.C.,21,NA,39.024098,-77.218691
Washington D.C.,22,NA,39.004835,-77.188111
Washington D.C.,23,NA,38.996606,-77.169563
Washington D.C.,24,NA,38.992792,-77.162234
Washington D.C.,25,NA,38.989774,-77.152914
Washington D.C.,26,NA,38.982622,-77.13698
Washington D.C.,27,NA,38.975342,-77.126108
Washington D.C.,28,NA,38.969818,-77.116409
Washington D.C.,29,NA,38.964794,-77.104459
Washington D.C.,30,NA,38.958192,-77.097221
Washington D.C.,31,NA,38.95265,-77.085875
Washington D.C.,32,NA,38.946952,-77.079211
Washington D.C.,33,NA,38.934867,-77.074225
Washington D.C.,34,NA,38.927382,-77.072054
Washington D.C.,35,NA,38.92029,-77.06371
Washington D.C.,36,NA,38.91473,-77.054289
Washington D.C.,37,NA,38.910412,-77.045802
Washington D.C.,38,NA,38.901136,-77.039346
Washington D.C.,39,NA,38.89516,-77.039509
Washington D.C.,40,NA,38.895116,-77.036635
Washington D.C.,41,NA,38.890812,-77.034774
Washington D.C.,42,NA,38.879933,-77.036036
Washington D.C.,43,NA,38.890721,-77.049072
Washington D.C.,44,NA,38.889207,-77.012558
Washington D.C.,45,NA,38.885554,-77.000069
Baltimore,1,NA,39.279466,-76.622552
Baltimore,2,NA,39.286326,-76.618277
Baltimore,3,NA,39.289808,-76.607076
Baltimore,4,NA,39.292156,-76.603251
Baltimore,5,NA,39.291522,-76.618313
Baltimore,6,NA,39.301304,-76.618488
Baltimore,7,NA,39.295251,-76.628517
Baltimore,8,NA,39.305648,-76.637121
Baltimore,9,NA,39.315949,-76.641027
Baltimore,10,NA,39.322485,-76.64946
Baltimore,11,NA,39.330882,-76.654304
Baltimore,12,NA,39.33857,-76.656842
Baltimore,13,NA,39.490976,-77.156539
Baltimore,14,NA,39.499079,-77.143471
Baltimore,15,NA,39.506927,-77.101084
Baltimore,16,NA,39.515313,-77.068531
Baltimore,17,NA,39.516752,-77.038731
Baltimore,18,NA,39.503057,-77.025813
Baltimore,20,NA,39.494701,-77.003874
Baltimore,21,NA,39.48531,-76.989376
Baltimore,22,NA,39.488458,-76.970971
Baltimore,23,NA,39.480905,-76.954726
Baltimore,24,NA,39.468334,-76.93907
Baltimore,25,NA,39.469511,-76.90166
Baltimore,26,NA,39.448806,-76.896654
Baltimore,27,NA,39.446347,-76.872001
Baltimore,28,NA,39.449091,-76.84811
Baltimore,29,NA,39.443285,-76.819023
Baltimore,30,NA,39.438022,-76.80322
Baltimore,31,NA,39.426723,-76.789623
Baltimore,32,NA,39.417222,-76.777595
Baltimore,33,NA,39.407864,-76.763912
Baltimore,34,NA,39.396042,-76.751058
Baltimore,35,NA,39.385845,-76.736265
Baltimore,36,NA,39.374997,-76.724809
Baltimore,37,NA,39.36363,-76.712856
Baltimore,38,NA,39.352313,-76.700422
Baltimore,39,NA,39.344289,-76.68596
Baltimore,40,NA,39.339674,-76.676277
Philadelphia,1,NA,39.932978,-75.164773
Philadelphia,2,NA,39.941554,-75.162129
Philadelphia,3,NA,39.95526,-75.151688
Philadelphia,4,NA,39.949904,-75.150506
Philadelphia,5,NA,39.949243,-75.169072
Philadelphia,6,NA,39.957389,-75.1718
Philadelphia,7,NA,39.950409,-75.191503
Philadelphia,8,NA,39.954033,-75.201998
Philadelphia,9,NA,39.956727,-75.213349
Philadelphia,10,NA,39.953399,-75.225836
Philadelphia,11,NA,39.958481,-75.239426
Philadelphia,12,NA,39.95529,-75.250164
Philadelphia,13,NA,40.143048,-75.738781
Philadelphia,14,NA,40.143642,-75.705376
Philadelphia,15,NA,40.13075,-75.691885
Philadelphia,16,NA,40.125979,-75.671953
Philadelphia,17,NA,40.114243,-75.654742
Philadelphia,18,NA,40.094327,-75.638174
Philadelphia,19,NA,40.087573,-75.628752
Philadelphia,20,NA,40.082367,-75.605694
Philadelphia,21,NA,40.082673,-75.590158
Philadelphia,22,NA,40.073963,-75.578707
Philadelphia,23,NA,40.074997,-75.536514
Philadelphia,24,NA,40.05556,-75.530382
Philadelphia,25,NA,40.040774,-75.505626
Philadelphia,26,NA,40.040831,-75.481985
Philadelphia,27,NA,40.030802,-75.465262
Philadelphia,28,NA,40.021151,-75.448349
Philadelphia,29,NA,40.007312,-75.425707
Philadelphia,30,NA,39.988114,-75.402262
Philadelphia,31,NA,39.983607,-75.37832
Philadelphia,32,NA,39.980592,-75.356671
Philadelphia,33,NA,39.978515,-75.342253
Philadelphia,34,NA,39.974347,-75.327231
Philadelphia,35,NA,39.971222,-75.314631
Philadelphia,36,NA,39.969458,-75.301172
Philadelphia,37,NA,39.967208,-75.289143
Philadelphia,38,NA,39.964146,-75.27453
Philadelphia,39,NA,39.962203,-75.263448
Philadelphia,40,NA,39.962621,-75.254545
Cleveland,1,NA,41.507303,-81.695354
Cleveland,2,NA,41.497375,-81.689261
Cleveland,3,NA,41.499058,-81.68092
Cleveland,4,NA,41.505819,-81.67719
Cleveland,5,NA,41.501417,-81.667019
Cleveland,6,NA,41.501584,-81.654977
Cleveland,7,NA,41.501469,-81.645705
Cleveland,8,NA,41.501213,-81.634998
Cleveland,9,NA,41.500976,-81.614077
Cleveland,10,NA,41.49927,-81.603692
Cleveland,11,NA,41.500653,-81.59176
Cleveland,12,NA,41.500309,-81.577958
Cleveland,13,NA,41.500757,-81.564164
Cleveland,14,NA,41.500936,-81.549246
Cleveland,15,NA,41.500927,-81.531367
Cleveland,16,NA,41.501103,-81.516846
Cleveland,17,NA,41.500338,-81.495004
Cleveland,18,NA,41.499069,-81.476513
Cleveland,19,NA,41.500922,-81.46025
Cleveland,20,NA,41.501954,-81.443846
Cleveland,21,NA,41.500859,-81.430062
Cleveland,22,NA,41.500648,-81.413628
Cleveland,23,NA,41.489897,-81.401355
Cleveland,24,NA,41.490638,-81.386265
Cleveland,25,NA,41.49042,-81.371086
Cleveland,26,NA,41.490174,-81.357096
Cleveland,27,NA,41.490838,-81.343432
Cleveland,28,NA,41.490734,-81.325614
Cleveland,29,NA,41.490408,-81.313267
Cleveland,30,NA,41.488515,-81.300058
Cleveland,31,NA,41.490178,-81.276714
Cleveland,32,NA,41.490074,-81.265466
Cleveland,33,NA,41.489964,-81.251125
Cleveland,34,NA,41.501391,-81.242747
Cleveland,35,NA,41.497438,-81.227512
Cleveland,36,NA,41.493967,-81.213725
Cleveland,37,NA,41.494882,-81.199377
Cleveland,38,NA,41.495885,-81.185382
Cleveland,39,NA,41.498235,-81.172626
Cleveland,40,NA,41.496893,-81.153274
Pittsburgh,1,NA,40.897638,-80.044519
Pittsburgh,2,NA,40.883227,-80.044318
Pittsburgh,3,NA,40.870182,-80.041012
Pittsburgh,4,NA,40.853193,-80.038385
Pittsburgh,5,NA,40.843092,-80.039752
Pittsburgh,6,NA,40.830966,-80.043678
Pittsburgh,7,NA,40.818083,-80.04305
Pittsburgh,8,NA,40.805323,-80.055053
Pittsburgh,9,NA,40.792571,-80.054766
Pittsburgh,10,NA,40.783243,-80.06059
Pittsburgh,11,NA,40.76718,-80.065284
Pittsburgh,12,NA,40.757657,-80.066915
Pittsburgh,13,NA,40.743479,-80.073594
Pittsburgh,14,NA,40.725795,-80.073667
Pittsburgh,15,NA,40.705278,-80.076043
Pittsburgh,16,NA,40.686637,-80.075878
Pittsburgh,17,NA,40.67073,-80.070511
Pittsburgh,18,NA,40.654992,-80.079699
Pittsburgh,19,NA,40.640328,-80.066202
Pittsburgh,20,NA,40.628519,-80.056814
Pittsburgh,21,NA,40.616126,-80.056463
Pittsburgh,22,NA,40.601532,-80.049894
Pittsburgh,23,NA,40.587048,-80.045293
Pittsburgh,24,NA,40.574332,-80.037282
Pittsburgh,25,NA,40.561819,-80.039482
Pittsburgh,26,NA,40.547443,-80.037123
Pittsburgh,27,NA,40.5336,-80.036028
Pittsburgh,28,NA,40.517579,-80.03321
Pittsburgh,29,NA,40.504076,-80.022495
Pittsburgh,30,NA,40.491549,-80.022066
Pittsburgh,31,NA,40.481137,-80.013501
Pittsburgh,32,NA,40.47077,-80.009525
Pittsburgh,33,NA,40.456782,-80.006727
Pittsburgh,34,NA,40.453975,-80.002438
Pittsburgh,35,NA,40.441753,-80.007324
Pittsburgh,36,NA,40.443175,-80.004417
Pittsburgh,37,NA,40.441544,-80.005368
Pittsburgh,38,NA,40.447761,-79.986863
Pittsburgh,39,NA,40.45193,-79.981636
Pittsburgh,40,NA,40.44696,-79.993722
Cincinnati,1,NA,39.366827,-84.020703
Cincinnati,2,NA,39.357026,-84.033543
Cincinnati,3,NA,39.34524,-84.048586
Cincinnati,4,NA,39.331878,-84.063537
Cincinnati,5,NA,39.323291,-84.069526
Cincinnati,6,NA,39.312546,-84.079941
Cincinnati,7,NA,39.301649,-84.090497
Cincinnati,8,NA,39.293146,-84.099254
Cincinnati,9,NA,39.282152,-84.111027
Cincinnati,10,NA,39.266496,-84.119314
Cincinnati,11,NA,39.253498,-84.136122
Cincinnati,12,NA,39.243092,-84.145604
Cincinnati,13,NA,39.235726,-84.155689
Cincinnati,14,NA,39.231512,-84.163653
Cincinnati,15,NA,39.225866,-84.179901
Cincinnati,16,NA,39.217525,-84.196929
Cincinnati,17,NA,39.209516,-84.210937
Cincinnati,18,NA,39.20114,-84.224874
Cincinnati,19,NA,39.193718,-84.238368
Cincinnati,20,NA,39.189354,-84.257985
Cincinnati,21,NA,39.18249,-84.273403
Cincinnati,22,NA,39.177307,-84.288689
Cincinnati,23,NA,39.168552,-84.302184
Cincinnati,24,NA,39.165079,-84.318916
Cincinnati,25,NA,39.159824,-84.335168
Cincinnati,26,NA,39.16048,-84.346386
Cincinnati,27,NA,39.160761,-84.365758
Cincinnati,28,NA,39.160015,-84.38375
Cincinnati,29,NA,39.160526,-84.407989
Cincinnati,30,NA,39.155512,-84.42809
Cincinnati,31,NA,39.143464,-84.446282
Cincinnati,32,NA,39.131921,-84.463795
Cincinnati,33,NA,39.124878,-84.484797
Cincinnati,34,NA,39.112273,-84.491338
Cincinnati,35,NA,39.097099,-84.510977
Cincinnati,36,NA,39.103759,-84.520116
Cincinnati,37,NA,39.105944,-84.523561
Cincinnati,38,NA,39.110177,-84.517946
Cincinnati,39,NA,39.111454,-84.513041
Cincinnati,40,NA,39.107108,-84.504975
Detroit,1,NA,41.945849,-83.559168
Detroit,2,NA,41.961151,-83.548459
Detroit,3,NA,41.977974,-83.537119
Detroit,4,NA,41.994315,-83.528188
Detroit,5,NA,42.008715,-83.508652
Detroit,6,NA,42.021217,-83.496651
Detroit,7,NA,42.027746,-83.479652
Detroit,8,NA,42.041378,-83.474814
Detroit,9,NA,42.057909,-83.479858
Detroit,10,NA,42.072938,-83.45756
Detroit,11,NA,42.073288,-83.430717
Detroit,12,NA,42.087588,-83.425927
Detroit,13,NA,42.093644,-83.405507
Detroit,14,NA,42.093842,-83.372881
Detroit,15,NA,42.093975,-83.343918
Detroit,16,NA,42.094103,-83.319385
Detroit,17,NA,42.094692,-83.294274
Detroit,18,NA,42.111556,-83.283384
Detroit,19,NA,42.128548,-83.272336
Detroit,20,NA,42.142449,-83.262648
Detroit,21,NA,42.157999,-83.248588
Detroit,22,NA,42.174323,-83.237089
Detroit,23,NA,42.188654,-83.222529
Detroit,24,NA,42.202778,-83.206249
Detroit,25,NA,42.2177,-83.192863
Detroit,26,NA,42.234879,-83.194231
Detroit,27,NA,42.252086,-83.194316
Detroit,28,NA,42.267961,-83.182124
Detroit,29,NA,42.282787,-83.169965
Detroit,30,NA,42.291429,-83.144939
Detroit,31,NA,42.300214,-83.120134
Detroit,32,NA,42.308343,-83.095935
Detroit,33,NA,42.313886,-83.082222
Detroit,34,NA,42.32272,-83.066421
Detroit,35,NA,42.327891,-83.045662
Detroit,36,NA,42.331223,-83.032033
Detroit,37,NA,42.332419,-83.043192
Detroit,38,NA,42.337377,-83.049865
Detroit,39,NA,42.332606,-83.054864
Detroit,40,NA,42.336963,-83.061701
Toronto,1,A,44.0302644,-79.52738917
Toronto,2,A,44.01968437,-79.52537587
Toronto,3,A,44.01056937,-79.52316198
Toronto,4,A,43.99906923,-79.51997222
Toronto,5,A,43.99338264,-79.51925626
Toronto,6,A,43.98568084,-79.51690128
Toronto,7,A,43.9776803,-79.51558202
Toronto,8,A,43.96956954,-79.51282817
Toronto,9,A,43.95736342,-79.51063671
Toronto,10,A,43.95194554,-79.50947256
Toronto,11,A,43.94275656,-79.50682589
Toronto,12,A,43.93385552,-79.50470828
Toronto,13,A,43.92441239,-79.50305515
Toronto,14,A,43.91588458,-79.50046785
Toronto,15,A,43.90683218,-79.49874497
Toronto,16,A,43.89755568,-79.49655792
Toronto,17,A,43.888435,-79.49435467
Toronto,18,A,43.8811002,-79.49240805
Toronto,19,A,43.87065459,-79.48960918
Toronto,20,A,43.86150469,-79.48793643
Toronto,21,A,43.85038448,-79.48520713
Toronto,22,A,43.83598273,-79.48183193
Toronto,23,A,43.82418131,-79.47900514
Toronto,24,A,43.81359026,-79.47643065
Toronto,25,A,43.80455856,-79.47471928
Toronto,26,A,43.79253295,-79.47182664
Toronto,27,A,43.78137166,-79.47130456
Toronto,28,A,43.77236212,-79.46798618
Toronto,29,A,43.76264866,-79.46586661
Toronto,30,A,43.75188371,-79.46404388
Toronto,31,A,43.74526825,-79.43615832
Toronto,32,A,43.7369396,-79.43353511
Toronto,33,A,43.72485836,-79.43082152
Toronto,34,A,43.7147905,-79.42897945
Toronto,35,A,43.70414094,-79.42665935
Toronto,36,A,43.69416336,-79.42296751
Toronto,37,A,43.68315226,-79.41975321
Toronto,38,A,43.67198534,-79.41420663
Toronto,39,A,43.66346793,-79.41200875
Toronto,40,A,43.6571995,-79.40756003
Toronto,41,A,43.64994276,-79.404773
Toronto,42,A,43.64299751,-79.40337219
Toronto,43,A,43.63471312,-79.39920481
Toronto,51,B,43.66677071,-79.58811171
Toronto,52,B,43.65359237,-79.59483319
Toronto,53,B,43.65254421,-79.61222466
Toronto,54,B,43.64917643,-79.6210086
Toronto,55,B,43.64228065,-79.6307686
Toronto,56,B,43.63520223,-79.63887687
Toronto,57,B,43.62759151,-79.650179
Toronto,58,B,43.62269316,-79.66040198
Toronto,59,B,43.61869318,-79.67039911
Toronto,60,B,43.61443904,-79.68222202
Toronto,61,B,43.60973886,-79.6888543
Toronto,62,B,43.59252008,-79.68810147
Toronto,63,B,43.58807494,-79.69810103
Toronto,64,B,43.58249518,-79.70595034
Toronto,65,B,43.56542753,-79.69993662
Toronto,66,B,43.55596515,-79.71029559
Toronto,67,B,43.54694878,-79.72037514
Toronto,68,B,43.54053796,-79.7268469
Toronto,69,B,43.52370691,-79.74580418
Toronto,70,B,43.51813295,-79.75202867
Toronto,71,B,43.50122643,-79.75847466
Toronto,72,B,43.48836331,-79.75211863
Toronto,73,B,43.47841214,-79.76314166
Toronto,74,B,43.47103724,-79.77122198
Toronto,75,B,43.45752564,-79.75460259
Toronto,76,B,43.44216873,-79.77350687
Toronto,77,B,43.446351,-79.79789595
Toronto,78,B,43.43697531,-79.80823568
Toronto,79,B,43.43666174,-79.82504026
Toronto,80,B,43.4281789,-79.83364941
Toronto,81,B,43.41100034,-79.83634158
Toronto,82,B,43.40464167,-79.84302214
Toronto,83,B,43.3983028,-79.85073545
Toronto,84,B,43.67341473,-79.56898504
Toronto,85,B,43.68469058,-79.56377071
Toronto,86,B,43.68870796,-79.54969796
Toronto,87,B,43.69236333,-79.53795555
Toronto,88,B,43.69756271,-79.52454705
Toronto,89,B,43.70104785,-79.51156759
Toronto,90,B,43.70214998,-79.49979723
Toronto,91,B,43.70514398,-79.48893699
Toronto,92,B,43.70942878,-79.47234106
Toronto,93,B,43.71300431,-79.46299192
Toronto,94,B,43.71542577,-79.44979852
Toronto,95,C,43.95298206,-78.9600189
Toronto,96,C,43.95415941,-78.97423694
Toronto,97,C,43.957231,-78.997517
Toronto,98,C,43.96003555,-79.00767202
Toronto,99,C,43.9394414,-79.01742952
Toronto,100,C,43.93221747,-79.03384622
Toronto,101,C,43.93092424,-79.05568178
Toronto,102,C,43.92854685,-79.06640839
Toronto,103,C,43.92464106,-79.07007854
Toronto,104,C,43.89005593,-79.06586621
Toronto,105,C,43.90227072,-79.09777029
Toronto,106,C,43.89434269,-79.13011439
Toronto,107,C,43.89120349,-79.14366973
Toronto,108,C,43.8813535,-79.14593607
Toronto,109,C,43.86494226,-79.17410511
Toronto,110,C,43.85366235,-79.18029383
Toronto,111,C,43.8500703,-79.19347686
Toronto,112,C,43.84474537,-79.21667322
Toronto,113,C,43.83980802,-79.23145293
Toronto,114,C,43.83784332,-79.24921964
Toronto,115,C,43.83430312,-79.26242083
Toronto,116,C,43.83251828,-79.27349158
Toronto,117,C,43.82853877,-79.28746333
Toronto,118,C,43.82482022,-79.30292324
Toronto,119,C,43.82545532,-79.31859168
Toronto,120,C,43.74692717,-79.30835738
Toronto,121,C,43.7414388,-79.31842839
Toronto,122,C,43.7387551,-79.33702561
Toronto,123,C,43.73896784,-79.35153552
Toronto,124,C,43.73483029,-79.35765708
Toronto,125,C,43.7322003,-79.37212899
Toronto,126,C,43.72818884,-79.39206116
Toronto,127,C,43.72146965,-79.40925437
Toronto,128,C,43.72226108,-79.42658187
NewYork,1,NA,41.06684063,-73.7664428
NewYork,2,NA,41.05764423,-73.76585573
NewYork,3,NA,41.0487271,-73.7707796
NewYork,4,NA,41.03940032,-73.76651782
NewYork,5,NA,41.028981,-73.7625079
NewYork,6,NA,41.02321387,-73.7743217
NewYork,7,NA,41.01662283,-73.77748979
NewYork,8,NA,41.006171,-73.783879
NewYork,9,NA,40.99805,-73.789164
NewYork,10,NA,40.98898405,-73.79618912
NewYork,11-I,NA,40.98291495,-73.80193395
NewYork,11-II,NA,40.97248577,-73.80600214
NewYork,13,NA,40.96374776,-73.81116181
NewYork,14,NA,40.95393317,-73.81533771
NewYork,15,NA,40.94553252,-73.82073067
NewYork,16,NA,40.93617494,-73.81817902
NewYork,17,NA,40.928282,-73.821338
NewYork,18,NA,40.92207784,-73.8243115
NewYork,19,NA,40.91708234,-73.83565107
NewYork,20,NA,40.91317406,-73.843813
NewYork,21,NA,40.90569091,-73.845136
NewYork,22,NA,40.89962834,-73.86090244
NewYork,23,NA,40.89145647,-73.8636153
NewYork,24,NA,40.88470622,-73.86632708
NewYork,25,NA,40.87018885,-73.87557481
NewYork,26,NA,40.86567493,-73.89644558
NewYork,27,NA,40.85026895,-73.90124423
NewYork,28,NA,40.84161268,-73.90571903
NewYork,29,NA,40.8341159,-73.92268777
NewYork,30,NA,40.82864985,-73.92304326
NewYork,31,NA,40.82173173,-73.92680239
NewYork,32,NA,40.82362801,-73.94303319
NewYork,33,NA,40.81715555,-73.94882695
NewYork,34,NA,40.8096206,-73.95556276
NewYork,35,NA,40.80236679,-73.96060215
NewYork,36,NA,40.77152578,-73.97473281
NewYork,37,NA,41.120385,-73.74837
NewYork,38,NA,41.1183575,-73.75784761
NewYork,39,NA,41.11609106,-73.77070774
NewYork,40,NA,41.10651726,-73.77717571
NewYork,41,NA,41.09847354,-73.77745049
NewYork,42,NA,41.08746602,-73.77521785
NewYork,43,NA,41.07399204,-73.77642053
NewYork,44,NA,41.12913964,-73.77950081
NewYork,45,NA,41.1384732,-73.77759914
NewYork,46,NA,41.14751187,-73.77691248
NewYork,47,NA,41.15595431,-73.77268194
NewYork,48,NA,41.15926012,-73.76484582
Montreal,1,NA,45.56934379,-74.07346078
Montreal,2,NA,45.57299466,-74.05999561
Montreal,3,NA,45.57280085,-74.04900472
Montreal,4,NA,45.57247695,-74.03409156
Montreal,5,NA,45.57076844,-74.01950003
Montreal,6,NA,45.56966645,-74.00705677
Montreal,7,NA,45.56690086,-73.9932963
Montreal,8,NA,45.563098,-73.98162855
Montreal,9,NA,45.5630897,-73.97513111
Montreal,10,NA,45.56192835,-73.959911
Montreal,11,NA,45.56484695,-73.94591068
Montreal,12,NA,45.56669213,-73.93328349
Montreal,13,NA,45.56520644,-73.92067352
Montreal,14,NA,45.55990956,-73.91022974
Montreal,15,NA,45.5589571,-73.89738435
Montreal,16,NA,45.55711888,-73.88796409
Montreal,17,NA,45.55605498,-73.87914922
Montreal,18,NA,45.55025975,-73.86715871
Montreal,19,NA,45.55298773,-73.85521792
Montreal,20,NA,45.55708877,-73.84279249
Montreal,21,NA,45.56111544,-73.83193805
Montreal,22,NA,45.57088868,-73.82084163
Montreal,23,NA,45.5768736,-73.81061375
Montreal,24,NA,45.57929998,-73.79797889
Montreal,25,NA,45.58005914,-73.78471804
Montreal,26,NA,45.58452609,-73.77195527
Montreal,27,NA,45.591169,-73.760746
Montreal,28,NA,45.5975484,-73.7511447
Montreal,29,NA,45.59008612,-73.74237381
Montreal,30,NA,45.58148718,-73.73368955
Montreal,31,NA,45.57366826,-73.72334944
Montreal,32,NA,45.56484318,-73.71801446
Montreal,33,NA,45.55740048,-73.71112005
Montreal,34,NA,45.55547376,-73.70115907
Montreal,35,NA,45.55865662,-73.69099976
Montreal,36,NA,45.55972836,-73.68374907
Montreal,37,NA,45.55584406,-73.67163401
Montreal,38,NA,45.54825675,-73.66626104
Montreal,39,NA,45.54562383,-73.65374077
Montreal,40,NA,45.54191955,-73.64210049
Montreal,41,NA,45.53829045,-73.63107955
Montreal,42,NA,45.53274055,-73.61706341
Montreal,43,NA,45.53113143,-73.61174832
Montreal,44,NA,45.52464489,-73.60023997
Montreal,45,NA,45.52405024,-73.59301114
Montreal,46,NA,45.51683772,-73.58796468
Montreal,47,NA,45.51337348,-73.57488351
Montreal,48,NA,45.51036096,-73.56700523
Montreal,49,NA,45.5062501,-73.55201193
Boston,1,NA,41.96177446,-71.06764441
Boston,2,NA,41.97083412,-71.06759442
Boston,3,NA,41.97808151,-71.06965929
Boston,4A,NA,41.98658649,-71.07023258
Boston,4B,NA,42.00014208,-71.06601195
Boston,5,NA,42.00624898,-71.06649104
Boston,6,NA,42.01394829,-71.06637044
Boston,7,NA,42.02501343,-71.06592721
Boston,8,NA,42.03395236,-71.07344811
Boston,9,NA,42.04041,-71.076877
Boston,10,NA,42.04813985,-71.08192856
Boston,11,NA,42.05979975,-71.08530435
Boston,12,NA,42.06695597,-71.08677296
Boston,13,NA,42.07592776,-71.08743943
Boston,14,NA,42.0838662,-71.09010149
Boston,15,NA,42.09411309,-71.09412971
Boston,16,NA,42.10666515,-71.09907956
Boston,17,NA,42.1150072,-71.09925157
Boston,18,NA,42.12453844,-71.10145155
Boston,19,NA,42.13378868,-71.10065041
Boston,20,NA,42.14549385,-71.10570696
Boston,21,NA,42.15470042,-71.10703975
Boston,22,NA,42.16488211,-71.11018295
Boston,23,NA,42.17685436,-71.10997445
Boston,24,NA,42.18623442,-71.11667148
Boston,25,NA,42.19821324,-71.11953732
Boston,26,NA,42.20803485,-71.12078059
Boston,27,NA,42.21830331,-71.11921855
Boston,28,NA,42.23645255,-71.10782045
Boston,29,NA,42.24574783,-71.09323328
Boston,30,NA,42.25537927,-71.09283653
Boston,31,NA,42.26543666,-71.09406738
Boston,32,NA,42.27421249,-71.09511461
Boston,33,NA,42.28289146,-71.09071116
Boston,34,NA,42.29105089,-71.08691289
Boston,35,NA,42.30078072,-71.08603758
Boston,36,NA,42.31164802,-71.07984231
Boston,37,NA,42.31940313,-71.07189158
Boston,38,NA,42.32643556,-71.06998164
Boston,39,NA,42.33410354,-71.08142851
Boston,40,NA,42.33896004,-71.07279536
Boston,41,NA,42.34363291,-71.06662158
Boston,42,NA,42.35371708,-71.06504482
Boston,43,NA,42.36178484,-71.05943928