City,Transect,Population,freqHCN,Lat.pop,Long.pop
Atlanta,NA,1,0.533333333333333,33.580935,-84.690674
Atlanta,NA,10,0.4,33.574918,-84.59891
Atlanta,NA,11,0.266666666666667,33.56886,-84.584804
Atlanta,NA,12,0.2,33.569995,-84.574178
Atlanta,NA,13,0.533333333333333,33.57685,-84.559421
Atlanta,NA,14,0.466666666666667,33.583024,-84.549447
Atlanta,NA,15,0.533333333333333,33.595387,-84.546821
Atlanta,NA,16,0.533333333333333,33.604207,-84.537996
Atlanta,NA,17,0.333333333333333,33.607254,-84.529742
Atlanta,NA,18,0.733333333333333,33.611845,-84.519007
Atlanta,NA,19,0.333333333333333,33.619172,-84.510247
Atlanta,NA,2,0.571428571428571,33.578665,-84.680071
Atlanta,NA,20,0.4,33.620712,-84.503997
Atlanta,NA,21,0.466666666666667,33.622626,-84.488884
Atlanta,NA,22,0.666666666666667,33.624875,-84.477394
Atlanta,NA,23,0.4,33.632218,-84.468452
Atlanta,NA,24,0.533333333333333,33.641732,-84.467683
Atlanta,NA,25,0.533333333333333,33.651934,-84.470666
Atlanta,NA,26,0.571428571428571,33.660549,-84.468862
Atlanta,NA,27,0.733333333333333,33.666759,-84.465386
Atlanta,NA,28,0.466666666666667,33.671274,-84.460025
Atlanta,NA,29,0.4,33.675384,-84.448907
Atlanta,NA,3,0.428571428571429,33.575253,-84.671089
Atlanta,NA,30,0.4,33.680742,-84.440582
Atlanta,NA,31,0.0714285714285714,33.696144,-84.432528
Atlanta,NA,32,0.133333333333333,33.717523,-84.427056
Atlanta,NA,33,0.285714285714286,33.731223,-84.419373
Atlanta,NA,34,0.266666666666667,33.744458,-84.417923
Atlanta,NA,35,0.266666666666667,33.73715,-84.403285
Atlanta,NA,36,0.166666666666667,33.740698,-84.393074
Atlanta,NA,37,0.285714285714286,33.748,-84.390479
Atlanta,NA,38,0.333333333333333,33.754412,-84.385008
Atlanta,NA,39,0,33.760479,-84.381855
Atlanta,NA,4,0.8,33.572524,-84.662849
Atlanta,NA,40,0.0666666666666667,33.766849,-84.385062
Atlanta,NA,41,0.133333333333333,33.768616,-84.382138
Atlanta,NA,42,0.214285714285714,33.770818,-84.376497
Atlanta,NA,43,0.333333333333333,33.76918,-84.363643
Atlanta,NA,44,0.333333333333333,33.770606,-84.357177
Atlanta,NA,45,0.642857142857143,33.772432,-84.350374
Atlanta,NA,5,0.615384615384615,33.572719,-84.651049
Atlanta,NA,6,0.846153846153846,33.571768,-84.63809
Atlanta,NA,7,0.733333333333333,33.575296,-84.630425
Atlanta,NA,8,0.533333333333333,33.573607,-84.619066
Atlanta,NA,9,0.466666666666667,33.574739,-84.609136
Atlanta,"NA",City Centre,"NA",33.748997,-84.387985
Baltimore,NA,1,0.2,39.279466,-76.622552
Baltimore,NA,10,0.0666666666666667,39.322485,-76.64946
Baltimore,NA,11,0.2,39.330882,-76.654304
Baltimore,NA,12,0.2,39.33857,-76.656842
Baltimore,NA,13,0.4,39.490976,-77.156539
Baltimore,NA,14,0.266666666666667,39.499079,-77.143471
Baltimore,NA,15,0.4,39.506927,-77.101084
Baltimore,NA,16,0.0666666666666667,39.515313,-77.068531
Baltimore,NA,17,0.0666666666666667,39.516752,-77.038731
Baltimore,NA,18,0.2,39.503057,-77.025813
Baltimore,NA,2,0.266666666666667,39.286326,-76.618277
Baltimore,NA,20,0.466666666666667,39.494701,-77.003874
Baltimore,NA,21,0.2,39.48531,-76.989376
Baltimore,NA,22,0.266666666666667,39.488458,-76.970971
Baltimore,NA,23,0,39.480905,-76.954726
Baltimore,NA,24,0.0666666666666667,39.468334,-76.93907
Baltimore,NA,25,0.0666666666666667,39.469511,-76.90166
Baltimore,NA,26,0.133333333333333,39.448806,-76.896654
Baltimore,NA,27,0,39.446347,-76.872001
Baltimore,NA,28,0.466666666666667,39.449091,-76.84811
Baltimore,NA,29,0.333333333333333,39.443285,-76.819023
Baltimore,NA,3,0.466666666666667,39.289808,-76.607076
Baltimore,NA,30,0.0714285714285714,39.438022,-76.80322
Baltimore,NA,31,0.733333333333333,39.426723,-76.789623
Baltimore,NA,32,0.133333333333333,39.417222,-76.777595
Baltimore,NA,33,0.466666666666667,39.407864,-76.763912
Baltimore,NA,34,0.0666666666666667,39.396042,-76.751058
Baltimore,NA,35,0,39.385845,-76.736265
Baltimore,NA,36,0.0666666666666667,39.374997,-76.724809
Baltimore,NA,37,0.133333333333333,39.36363,-76.712856
Baltimore,NA,38,0.333333333333333,39.352313,-76.700422
Baltimore,NA,39,0.466666666666667,39.344289,-76.68596
Baltimore,NA,4,0.2,39.292156,-76.603251
Baltimore,NA,40,0.333333333333333,39.339674,-76.676277
Baltimore,NA,5,0.133333333333333,39.291522,-76.618313
Baltimore,NA,6,0,39.301304,-76.618488
Baltimore,NA,7,0.133333333333333,39.295251,-76.628517
Baltimore,NA,8,0.266666666666667,39.305648,-76.637121
Baltimore,NA,9,0.0666666666666667,39.315949,-76.641027
Baltimore,"NA",City Centre,"NA",39.290386,-76.61219
Boston,NA,1,0.388888888888889,41.96177446,-71.06764441
Boston,NA,10,0.15,42.04813985,-71.08192856
Boston,NA,11,0.1,42.05979975,-71.08530435
Boston,NA,12,0.55,42.06695597,-71.08677296
Boston,NA,13,0.157894736842105,42.07592776,-71.08743943
Boston,NA,14,0.25,42.0838662,-71.09010149
Boston,NA,15,0.15,42.09411309,-71.09412971
Boston,NA,16,0.105263157894737,42.10666515,-71.09907956
Boston,NA,17,0.1,42.1150072,-71.09925157
Boston,NA,18,0.3,42.12453844,-71.10145155
Boston,NA,19,0,42.13378868,-71.10065041
Boston,NA,2,0.2,41.97083412,-71.06759442
Boston,NA,20,0.05,42.14549385,-71.10570696
Boston,NA,21,0.3,42.15470042,-71.10703975
Boston,NA,22,0.25,42.16488211,-71.11018295
Boston,NA,23,0.35,42.17685436,-71.10997445
Boston,NA,24,0.15,42.18623442,-71.11667148
Boston,NA,25,0.2,42.19821324,-71.11953732
Boston,NA,26,0.15,42.20803485,-71.12078059
Boston,NA,27,0.15,42.21830331,-71.11921855
Boston,NA,28,0.35,42.23645255,-71.10782045
Boston,NA,29,0.2,42.24574783,-71.09323328
Boston,NA,3,0.4,41.97808151,-71.06965929
Boston,NA,30,0.1,42.25537927,-71.09283653
Boston,NA,31,0.2,42.26543666,-71.09406738
Boston,NA,32,0.15,42.27421249,-71.09511461
Boston,NA,33,0.4,42.28289146,-71.09071116
Boston,NA,34,0.2,42.29105089,-71.08691289
Boston,NA,35,0,42.30078072,-71.08603758
Boston,NA,36,0.1,42.31164802,-71.07984231
Boston,NA,37,0.1,42.31940313,-71.07189158
Boston,NA,38,0.1,42.32643556,-71.06998164
Boston,NA,39,0,42.33410354,-71.08142851
Boston,NA,40,0.1,42.33896004,-71.07279536
Boston,NA,41,0.1,42.34363291,-71.06662158
Boston,NA,42,0.15,42.35371708,-71.06504482
Boston,NA,43,0.4,42.36178484,-71.05943928
Boston,NA,44,0.3,41.98658649,-71.07023258
Boston,NA,45,0.1,42.00014208,-71.06601195
Boston,NA,5,0.2,42.00624898,-71.06649104
Boston,NA,6,0.25,42.01394829,-71.06637044
Boston,NA,7,0.4,42.02501343,-71.06592721
Boston,NA,8,0.25,42.03395236,-71.07344811
Boston,NA,9,0.05,42.04041,-71.076877
Boston,"NA",City Centre,"NA",42.3547,-71.0665
Charlotte,NA,1,0.466666666666667,35.211203,-80.866152
Charlotte,NA,10,0.666666666666667,35.244373,-80.86339
Charlotte,NA,11,0.6,35.250674,-80.870015
Charlotte,NA,12,0.6,35.258284,-80.877585
Charlotte,NA,13,0.266666666666667,35.265117,-80.883306
Charlotte,NA,14,0.266666666666667,35.27386,-80.890796
Charlotte,NA,15,0.214285714285714,35.280286,-80.902495
Charlotte,NA,16,0.6,35.281324,-80.913457
Charlotte,NA,17,0.6,35.286743,-80.922737
Charlotte,NA,18,0.533333333333333,35.293628,-80.930695
Charlotte,NA,19,0.571428571428571,35.302275,-80.936494
Charlotte,NA,2,0.4,35.215639,-80.857093
Charlotte,NA,20,0.533333333333333,35.316911,-80.943556
Charlotte,NA,21,0,35.320359,-80.952382
Charlotte,NA,22,0.357142857142857,35.331405,-80.958572
Charlotte,NA,23,0.266666666666667,35.344876,-80.967434
Charlotte,NA,24,0.666666666666667,35.357992,-80.989697
Charlotte,NA,25,0.4,35.364889,-80.997856
Charlotte,NA,26,0.214285714285714,35.376333,-81.003552
Charlotte,NA,27,0.214285714285714,35.387481,-81.009826
Charlotte,NA,28,0.642857142857143,35.399819,-81.008975
Charlotte,NA,29,0.4,35.416454,-81.010611
Charlotte,NA,3,0.6,35.220334,-80.851473
Charlotte,NA,30,0.466666666666667,35.429989,-81.011185
Charlotte,NA,31,0.4,35.443642,-80.99771
Charlotte,NA,32,0.733333333333333,35.462018,-80.992411
Charlotte,NA,33,0.333333333333333,35.475416,-81.001209
Charlotte,NA,34,0.733333333333333,35.488837,-81.018644
Charlotte,NA,35,0.466666666666667,35.496607,-81.019761
Charlotte,NA,36,0.692307692307692,35.498083,-81.043425
Charlotte,NA,37,0.642857142857143,35.503154,-81.05091
Charlotte,NA,38,0.6,35.515316,-81.059033
Charlotte,NA,39,0.642857142857143,35.525837,-81.058782
Charlotte,NA,4,0.4,35.225256,-80.837693
Charlotte,NA,40,0.714285714285714,35.538963,-81.065687
Charlotte,NA,5,0.466666666666667,35.230693,-80.842918
Charlotte,NA,6,0.8,35.234377,-80.845951
Charlotte,NA,7,0.6,35.227886,-80.850384
Charlotte,NA,8,0.266666666666667,35.22936,-80.842314
Charlotte,NA,9,0.866666666666667,35.240148,-80.85594
Charlotte,"NA",City Centre,"NA",35.227085,-80.843124
Cincinnati,NA,1,0.333333333333333,39.366827,-84.020703
Cincinnati,NA,10,0.2,39.266496,-84.119314
Cincinnati,NA,11,0.133333333333333,39.253498,-84.136122
Cincinnati,NA,12,0.266666666666667,39.243092,-84.145604
Cincinnati,NA,13,0.285714285714286,39.235726,-84.155689
Cincinnati,NA,14,0.133333333333333,39.231512,-84.163653
Cincinnati,NA,15,0.133333333333333,39.225866,-84.179901
Cincinnati,NA,16,0.2,39.217525,-84.196929
Cincinnati,NA,17,0.4,39.209516,-84.210937
Cincinnati,NA,18,0.533333333333333,39.20114,-84.224874
Cincinnati,NA,19,0.266666666666667,39.193718,-84.238368
Cincinnati,NA,2,0.0666666666666667,39.357026,-84.033543
Cincinnati,NA,20,0.133333333333333,39.189354,-84.257985
Cincinnati,NA,21,0.0666666666666667,39.18249,-84.273403
Cincinnati,NA,22,0.0666666666666667,39.177307,-84.288689
Cincinnati,NA,23,0.2,39.168552,-84.302184
Cincinnati,NA,24,0.4,39.165079,-84.318916
Cincinnati,NA,25,0.0666666666666667,39.159824,-84.335168
Cincinnati,NA,26,0.133333333333333,39.16048,-84.346386
Cincinnati,NA,27,0.466666666666667,39.160761,-84.365758
Cincinnati,NA,28,0.2,39.160015,-84.38375
Cincinnati,NA,29,0.285714285714286,39.160526,-84.407989
Cincinnati,NA,3,0.2,39.34524,-84.048586
Cincinnati,NA,30,0.2,39.155512,-84.42809
Cincinnati,NA,31,0.4,39.143464,-84.446282
Cincinnati,NA,32,0.0666666666666667,39.131921,-84.463795
Cincinnati,NA,33,0.0666666666666667,39.124878,-84.484797
Cincinnati,NA,34,0,39.112273,-84.491338
Cincinnati,NA,35,0,39.097099,-84.510977
Cincinnati,NA,36,0.25,39.103759,-84.520116
Cincinnati,NA,37,0.266666666666667,39.105944,-84.523561
Cincinnati,NA,38,0.0666666666666667,39.110177,-84.517946
Cincinnati,NA,39,0.4,39.111454,-84.513041
Cincinnati,NA,4,0.533333333333333,39.331878,-84.063537
Cincinnati,NA,40,0.2,39.107108,-84.504975
Cincinnati,NA,5,0.230769230769231,39.323291,-84.069526
Cincinnati,NA,6,0.214285714285714,39.312546,-84.079941
Cincinnati,NA,7,0.0666666666666667,39.301649,-84.090497
Cincinnati,NA,8,0,39.293146,-84.099254
Cincinnati,NA,9,0.133333333333333,39.282152,-84.111027
Cincinnati,"NA",City Centre,"NA",39.103119,-84.512016
Cleveland,NA,1,0.133333333333333,41.507303,-81.695354
Cleveland,NA,10,0.0666666666666667,41.49927,-81.603692
Cleveland,NA,11,0.2,41.500653,-81.59176
Cleveland,NA,12,0.333333333333333,41.500309,-81.577958
Cleveland,NA,13,0.266666666666667,41.500757,-81.564164
Cleveland,NA,14,0.266666666666667,41.500936,-81.549246
Cleveland,NA,15,0.266666666666667,41.500927,-81.531367
Cleveland,NA,16,0.4,41.501103,-81.516846
Cleveland,NA,17,0.333333333333333,41.500338,-81.495004
Cleveland,NA,18,0.4,41.499069,-81.476513
Cleveland,NA,19,0.2,41.500922,-81.46025
Cleveland,NA,2,0.266666666666667,41.497375,-81.689261
Cleveland,NA,20,0.214285714285714,41.501954,-81.443846
Cleveland,NA,21,0.333333333333333,41.500859,-81.430062
Cleveland,NA,22,0.384615384615385,41.500648,-81.413628
Cleveland,NA,23,0.266666666666667,41.489897,-81.401355
Cleveland,NA,24,0.4,41.490638,-81.386265
Cleveland,NA,25,0.333333333333333,41.49042,-81.371086
Cleveland,NA,26,0.266666666666667,41.490174,-81.357096
Cleveland,NA,27,0.4,41.490838,-81.343432
Cleveland,NA,28,0.266666666666667,41.490734,-81.325614
Cleveland,NA,29,0.266666666666667,41.490408,-81.313267
Cleveland,NA,3,0.133333333333333,41.499058,-81.68092
Cleveland,NA,30,0.333333333333333,41.488515,-81.300058
Cleveland,NA,31,0.133333333333333,41.490178,-81.276714
Cleveland,NA,32,0.266666666666667,41.490074,-81.265466
Cleveland,NA,33,0.333333333333333,41.489964,-81.251125
Cleveland,NA,34,0.266666666666667,41.501391,-81.242747
Cleveland,NA,35,0.4,41.497438,-81.227512
Cleveland,NA,36,0.133333333333333,41.493967,-81.213725
Cleveland,NA,37,0.2,41.494882,-81.199377
Cleveland,NA,38,0.2,41.495885,-81.185382
Cleveland,NA,39,0.142857142857143,41.498235,-81.172626
Cleveland,NA,4,0.2,41.505819,-81.67719
Cleveland,NA,40,0.6,41.496893,-81.153274
Cleveland,NA,5,0,41.501417,-81.667019
Cleveland,NA,6,0.333333333333333,41.501584,-81.654977
Cleveland,NA,7,0.214285714285714,41.501469,-81.645705
Cleveland,NA,8,0.333333333333333,41.501213,-81.634998
Cleveland,NA,9,0.266666666666667,41.500976,-81.614077
Cleveland,"NA",City Centre,"NA",41.499321,-81.694359
Detroit,NA,1,0.466666666666667,41.945849,-83.559168
Detroit,NA,10,0.4,42.072938,-83.45756
Detroit,NA,11,0.266666666666667,42.073288,-83.430717
Detroit,NA,12,0.266666666666667,42.087588,-83.425927
Detroit,NA,13,0.266666666666667,42.093644,-83.405507
Detroit,NA,14,0.2,42.093842,-83.372881
Detroit,NA,15,0,42.093975,-83.343918
Detroit,NA,16,0.333333333333333,42.094103,-83.319385
Detroit,NA,17,0.2,42.094692,-83.294274
Detroit,NA,18,0.333333333333333,42.111556,-83.283384
Detroit,NA,19,0.533333333333333,42.128548,-83.272336
Detroit,NA,2,0.266666666666667,41.961151,-83.548459
Detroit,NA,20,0.466666666666667,42.142449,-83.262648
Detroit,NA,21,0.4,42.157999,-83.248588
Detroit,NA,22,0.333333333333333,42.174323,-83.237089
Detroit,NA,23,0.533333333333333,42.188654,-83.222529
Detroit,NA,24,0.333333333333333,42.202778,-83.206249
Detroit,NA,25,0.533333333333333,42.2177,-83.192863
Detroit,NA,26,0.466666666666667,42.234879,-83.194231
Detroit,NA,27,0.2,42.252086,-83.194316
Detroit,NA,28,0.2,42.267961,-83.182124
Detroit,NA,29,0.133333333333333,42.282787,-83.169965
Detroit,NA,3,0.466666666666667,41.977974,-83.537119
Detroit,NA,30,0.733333333333333,42.291429,-83.144939
Detroit,NA,31,0.363636363636364,42.300214,-83.120134
Detroit,NA,32,0.2,42.308343,-83.095935
Detroit,NA,33,0.333333333333333,42.313886,-83.082222
Detroit,NA,34,0.133333333333333,42.32272,-83.066421
Detroit,NA,35,0.2,42.327891,-83.045662
Detroit,NA,36,0.333333333333333,42.331223,-83.032033
Detroit,NA,37,0.2,42.332419,-83.043192
Detroit,NA,38,0.142857142857143,42.337377,-83.049865
Detroit,NA,39,0.230769230769231,42.332606,-83.054864
Detroit,NA,4,0.733333333333333,41.994315,-83.528188
Detroit,NA,40,0.466666666666667,42.336963,-83.061701
Detroit,NA,5,0.266666666666667,42.008715,-83.508652
Detroit,NA,6,0.4,42.021217,-83.496651
Detroit,NA,7,0.133333333333333,42.027746,-83.479652
Detroit,NA,8,0.0666666666666667,42.041378,-83.474814
Detroit,NA,9,0.266666666666667,42.057909,-83.479858
Detroit,"NA",City Centre,"NA",42.331429,-83.045753
Jacksonville,NA,1,0.333333333333333,30.332625,-81.652426
Jacksonville,NA,10,0.733333333333333,30.389888,-81.656747
Jacksonville,NA,11,0.933333333333333,30.399336,-81.647373
Jacksonville,NA,12,1,30.410342,-81.650317
Jacksonville,NA,13,0.846153846153846,30.441438,-81.639932
Jacksonville,NA,14,0.933333333333333,30.442688,-81.607167
Jacksonville,NA,15,0.8,30.457002,-81.605689
Jacksonville,NA,16,0.888888888888889,30.459417,-81.619352
Jacksonville,NA,17,1,30.4661,-81.621807
Jacksonville,NA,18,0.933333333333333,30.478216,-81.610134
Jacksonville,NA,19,1,30.484004,-81.59667
Jacksonville,NA,2,0.533333333333333,30.332602,-81.652372
Jacksonville,NA,20,0.933333333333333,30.499398,-81.587485
Jacksonville,NA,21,1,30.518747,-81.589613
Jacksonville,NA,22,0.733333333333333,30.629104,-81.57013
Jacksonville,NA,23,1,30.62603,-81.548181
Jacksonville,NA,24,1,30.591774,-81.525783
Jacksonville,NA,25,1,30.596473,-81.516146
Jacksonville,NA,26,1,30.606432,-81.516968
Jacksonville,NA,27,1,30.617977,-81.515086
Jacksonville,NA,28,0.866666666666667,30.643745,-81.529801
Jacksonville,NA,29,1,30.64001,-81.545268
Jacksonville,NA,3,0.266666666666667,30.33813,-81.657719
Jacksonville,NA,30,0.857142857142857,30.641822,-81.612741
Jacksonville,NA,31,1,30.650935,-81.623743
Jacksonville,NA,32,1,30.658639,-81.631185
Jacksonville,NA,33,0.8,30.668565,-81.638955
Jacksonville,NA,34,1,30.684526,-81.651168
Jacksonville,NA,35,1,30.696098,-81.659974
Jacksonville,NA,4,0.666666666666667,30.341833,-81.660644
Jacksonville,NA,5,0.6,30.343828,-81.66172
Jacksonville,NA,6,1,30.34872,-81.662051
Jacksonville,NA,7,0.933333333333333,30.365468,-81.643351
Jacksonville,NA,8,1,30.372029,-81.640097
Jacksonville,NA,9,0.928571428571429,30.387416,-81.650536
Jacksonville,"NA",City Centre,"NA",30.32597,-81.656761
Montreal,NA,1,0.6,45.56934379,-74.07346078
Montreal,NA,10,0.5,45.56192835,-73.959911
Montreal,NA,11,0.5,45.56484695,-73.94591068
Montreal,NA,12,0.25,45.56669213,-73.93328349
Montreal,NA,13,0.15,45.56520644,-73.92067352
Montreal,NA,14,0.45,45.55990956,-73.91022974
Montreal,NA,15,0.2,45.5589571,-73.89738435
Montreal,NA,16,0.7,45.55711888,-73.88796409
Montreal,NA,17,0.2,45.55605498,-73.87914922
Montreal,NA,18,0.4,45.55025975,-73.86715871
Montreal,NA,19,0.6,45.55298773,-73.85521792
Montreal,NA,2,0.35,45.57299466,-74.05999561
Montreal,NA,20,0.75,45.55708877,-73.84279249
Montreal,NA,21,0.45,45.56111544,-73.83193805
Montreal,NA,22,0.55,45.57088868,-73.82084163
Montreal,NA,23,0.3,45.5768736,-73.81061375
Montreal,NA,24,0.5,45.57929998,-73.79797889
Montreal,NA,25,0.722222222222222,45.58005914,-73.78471804
Montreal,NA,26,0.5,45.58452609,-73.77195527
Montreal,NA,27,0.5,45.591169,-73.760746
Montreal,NA,28,0.35,45.5975484,-73.7511447
Montreal,NA,29,0.35,45.59008612,-73.74237381
Montreal,NA,3,0.4,45.57280085,-74.04900472
Montreal,NA,30,0.35,45.58148718,-73.73368955
Montreal,NA,31,0.55,45.57366826,-73.72334944
Montreal,NA,32,0.6,45.56484318,-73.71801446
Montreal,NA,33,0.05,45.55740048,-73.71112005
Montreal,NA,34,0.3,45.55547376,-73.70115907
Montreal,NA,35,0.75,45.55865662,-73.69099976
Montreal,NA,36,0.35,45.55972836,-73.68374907
Montreal,NA,37,0.25,45.55584406,-73.67163401
Montreal,NA,38,0.85,45.54825675,-73.66626104
Montreal,NA,39,0.5,45.54562383,-73.65374077
Montreal,NA,4,0.736842105263158,45.57247695,-74.03409156
Montreal,NA,40,0.15,45.54191955,-73.64210049
Montreal,NA,41,0.15,45.53829045,-73.63107955
Montreal,NA,42,0.8,45.53274055,-73.61706341
Montreal,NA,43,0.444444444444444,45.53113143,-73.61174832
Montreal,NA,44,0.588235294117647,45.52464489,-73.60023997
Montreal,NA,45,0.684210526315789,45.52405024,-73.59301114
Montreal,NA,46,0.05,45.51683772,-73.58796468
Montreal,NA,47,0.631578947368421,45.51337348,-73.57488351
Montreal,NA,48,0.631578947368421,45.51036096,-73.56700523
Montreal,NA,49,0.4,45.5062501,-73.55201193
Montreal,NA,5,0.2,45.57076844,-74.01950003
Montreal,NA,6,0.3,45.56966645,-74.00705677
Montreal,NA,7,0.55,45.56690086,-73.9932963
Montreal,NA,8,0.25,45.563098,-73.98162855
Montreal,NA,9,0.5,45.5630897,-73.97513111
Montreal,"NA",City Centre,"NA",45.502,-73.5672
NewYork,NA,1,0.35,41.06684063,-73.7664428
NewYork,NA,10,0.1,40.98898405,-73.79618912
NewYork,NA,11,0.15,40.98291495,-73.80193395
NewYork,NA,12,0.15,40.97248577,-73.80600214
NewYork,NA,13,0.4,40.96374776,-73.81116181
NewYork,NA,14,0.1,40.95393317,-73.81533771
NewYork,NA,15,0.15,40.94553252,-73.82073067
NewYork,NA,16,0.05,40.93617494,-73.81817902
NewYork,NA,17,0.15,40.928282,-73.821338
NewYork,NA,18,0.111111111111111,40.92207784,-73.8243115
NewYork,NA,19,0.105263157894737,40.91708234,-73.83565107
NewYork,NA,2,0.352941176470588,41.05764423,-73.76585573
NewYork,NA,20,0.15,40.91317406,-73.843813
NewYork,NA,21,0.2,40.90569091,-73.845136
NewYork,NA,22,0.15,40.89962834,-73.86090244
NewYork,NA,23,0,40.89145647,-73.8636153
NewYork,NA,24,0.25,40.88470622,-73.86632708
NewYork,NA,25,0.2,40.87018885,-73.87557481
NewYork,NA,26,0.25,40.86567493,-73.89644558
NewYork,NA,27,0.1,40.85026895,-73.90124423
NewYork,NA,28,0.15,40.84161268,-73.90571903
NewYork,NA,29,0,40.8341159,-73.92268777
NewYork,NA,3,0.631578947368421,41.0487271,-73.7707796
NewYork,NA,30,0.1,40.82864985,-73.92304326
NewYork,NA,31,0.05,40.82173173,-73.92680239
NewYork,NA,32,0.285714285714286,40.82362801,-73.94303319
NewYork,NA,33,0.2,40.81715555,-73.94882695
NewYork,NA,34,0,40.8096206,-73.95556276
NewYork,NA,35,0.25,40.80236679,-73.96060215
NewYork,NA,36,0.2,40.77152578,-73.97473281
NewYork,NA,37,0.3,41.120385,-73.74837
NewYork,NA,38,0,41.1183575,-73.75784761
NewYork,NA,39,0.25,41.11609106,-73.77070774
NewYork,NA,4,0.15,41.03940032,-73.76651782
NewYork,NA,40,0.4,41.10651726,-73.77717571
NewYork,NA,41,0.05,41.09847354,-73.77745049
NewYork,NA,42,0.3,41.08746602,-73.77521785
NewYork,NA,43,0.3,41.07399204,-73.77642053
NewYork,NA,44,0.35,41.12913964,-73.77950081
NewYork,NA,45,0.2,41.1384732,-73.77759914
NewYork,NA,46,0.35,41.14751187,-73.77691248
NewYork,NA,47,0.3,41.15595431,-73.77268194
NewYork,NA,48,0.105263157894737,41.15926012,-73.76484582
NewYork,NA,5,0.2,41.028981,-73.7625079
NewYork,NA,6,0.1,41.02321387,-73.7743217
NewYork,NA,7,0.1,41.01662283,-73.77748979
NewYork,NA,8,0.25,41.006171,-73.783879
NewYork,NA,9,0.15,40.99805,-73.789164
NewYork,"NA",City Centre,"NA",40.7921,-73.958
Norfolk,NA,1,0.733333333333333,36.525734,-76.249271
Norfolk,NA,10,0.357142857142857,36.598354,-76.209854
Norfolk,NA,11,0.142857142857143,36.605777,-76.210656
Norfolk,NA,12,0.866666666666667,36.61921,-76.211041
Norfolk,NA,13,0.133333333333333,36.631025,-76.208698
Norfolk,NA,14,0.533333333333333,36.644722,-76.216359
Norfolk,NA,15,0.6,36.654205,-76.223186
Norfolk,NA,16,0.733333333333333,36.666569,-76.226393
Norfolk,NA,17,0.266666666666667,36.675113,-76.226349
Norfolk,NA,18,0.6,36.686555,-76.229694
Norfolk,NA,19,0.866666666666667,36.697414,-76.232788
Norfolk,NA,2,0.8,36.533611,-76.250144
Norfolk,NA,20,0.466666666666667,36.706203,-76.235476
Norfolk,NA,21,0.357142857142857,36.715957,-76.238299
Norfolk,NA,22,0.428571428571429,36.725735,-76.242221
Norfolk,NA,23,0.333333333333333,36.739235,-76.241467
Norfolk,NA,24,0.2,36.750321,-76.245681
Norfolk,NA,25,0.333333333333333,36.758379,-76.24845
Norfolk,NA,26,0.4,36.768737,-76.251939
Norfolk,NA,27,0.272727272727273,36.785235,-76.258458
Norfolk,NA,28,0.733333333333333,36.793588,-76.260703
Norfolk,NA,29,0.466666666666667,36.804583,-76.262898
Norfolk,NA,3,0.2,36.547404,-76.242498
Norfolk,NA,30,0.333333333333333,36.813869,-76.263466
Norfolk,NA,31,0.266666666666667,36.828899,-76.260809
Norfolk,NA,32,0.0666666666666667,36.83578,-76.263065
Norfolk,NA,33,0.2,36.847041,-76.271875
Norfolk,NA,34,0.266666666666667,36.853598,-76.278857
Norfolk,NA,35,0.0714285714285714,36.852334,-76.285657
Norfolk,NA,36,0.333333333333333,36.846924,-76.285781
Norfolk,NA,37,0.222222222222222,36.846861,-76.294678
Norfolk,NA,38,0,36.843603,-76.288229
Norfolk,NA,39,0.2,36.849063,-76.290702
Norfolk,NA,4,0.333333333333333,36.551477,-76.231768
Norfolk,NA,40,0.0666666666666667,36.860801,-76.285964
Norfolk,NA,5,0.466666666666667,36.559063,-76.227748
Norfolk,NA,6,0.6,36.559572,-76.215362
Norfolk,NA,7,0.4,36.561527,-76.201243
Norfolk,NA,8,0.666666666666667,36.575297,-76.200138
Norfolk,NA,9,0.466666666666667,36.587979,-76.205732
Norfolk,"NA",City Centre,"NA",36.850769,-76.285873
Philadelphia,NA,1,0.0714285714285714,39.932978,-75.164773
Philadelphia,NA,10,0.0714285714285714,39.953399,-75.225836
Philadelphia,NA,11,0.142857142857143,39.958481,-75.239426
Philadelphia,NA,12,0.133333333333333,39.95529,-75.250164
Philadelphia,NA,13,0.266666666666667,40.143048,-75.738781
Philadelphia,NA,14,0.266666666666667,40.143642,-75.705376
Philadelphia,NA,15,0,40.13075,-75.691885
Philadelphia,NA,16,0,40.125979,-75.671953
Philadelphia,NA,17,0.2,40.114243,-75.654742
Philadelphia,NA,18,0.133333333333333,40.094327,-75.638174
Philadelphia,NA,19,0.2,40.087573,-75.628752
Philadelphia,NA,2,0.230769230769231,39.941554,-75.162129
Philadelphia,NA,20,0.2,40.082367,-75.605694
Philadelphia,NA,21,0.266666666666667,40.082673,-75.590158
Philadelphia,NA,22,0.133333333333333,40.073963,-75.578707
Philadelphia,NA,23,0.285714285714286,40.074997,-75.536514
Philadelphia,NA,24,0.266666666666667,40.05556,-75.530382
Philadelphia,NA,25,0.0666666666666667,40.040774,-75.505626
Philadelphia,NA,26,0.2,40.040831,-75.481985
Philadelphia,NA,27,0.133333333333333,40.030802,-75.465262
Philadelphia,NA,28,0.333333333333333,40.021151,-75.448349
Philadelphia,NA,29,0.333333333333333,40.007312,-75.425707
Philadelphia,NA,3,0.0666666666666667,39.95526,-75.151688
Philadelphia,NA,30,0.2,39.988114,-75.402262
Philadelphia,NA,31,0.4,39.983607,-75.37832
Philadelphia,NA,32,0.0666666666666667,39.980592,-75.356671
Philadelphia,NA,33,0.142857142857143,39.978515,-75.342253
Philadelphia,NA,34,0,39.974347,-75.327231
Philadelphia,NA,35,0.266666666666667,39.971222,-75.314631
Philadelphia,NA,36,0.466666666666667,39.969458,-75.301172
Philadelphia,NA,37,0.133333333333333,39.967208,-75.289143
Philadelphia,NA,38,0.4,39.964146,-75.27453
Philadelphia,NA,39,0.2,39.962203,-75.263448
Philadelphia,NA,4,0.4,39.949904,-75.150506
Philadelphia,NA,40,0.133333333333333,39.962621,-75.254545
Philadelphia,NA,5,0,39.949243,-75.169072
Philadelphia,NA,6,0.266666666666667,39.957389,-75.1718
Philadelphia,NA,7,0.333333333333333,39.950409,-75.191503
Philadelphia,NA,8,0.133333333333333,39.954033,-75.201998
Philadelphia,NA,9,0.4,39.956727,-75.213349
Philadelphia,"NA",City Centre,"NA",39.952583,-75.165222
Pittsburgh,NA,1,0.2,40.897638,-80.044519
Pittsburgh,NA,10,0.133333333333333,40.783243,-80.06059
Pittsburgh,NA,11,0.333333333333333,40.76718,-80.065284
Pittsburgh,NA,12,0.4,40.757657,-80.066915
Pittsburgh,NA,13,0.133333333333333,40.743479,-80.073594
Pittsburgh,NA,14,0.333333333333333,40.725795,-80.073667
Pittsburgh,NA,15,0.285714285714286,40.705278,-80.076043
Pittsburgh,NA,16,0.133333333333333,40.686637,-80.075878
Pittsburgh,NA,17,0.133333333333333,40.67073,-80.070511
Pittsburgh,NA,18,0.266666666666667,40.654992,-80.079699
Pittsburgh,NA,19,0.133333333333333,40.640328,-80.066202
Pittsburgh,NA,2,0.0666666666666667,40.883227,-80.044318
Pittsburgh,NA,20,0.0666666666666667,40.628519,-80.056814
Pittsburgh,NA,21,0.266666666666667,40.616126,-80.056463
Pittsburgh,NA,22,0.266666666666667,40.601532,-80.049894
Pittsburgh,NA,23,0.133333333333333,40.587048,-80.045293
Pittsburgh,NA,24,0.2,40.574332,-80.037282
Pittsburgh,NA,25,0.4,40.561819,-80.039482
Pittsburgh,NA,26,0.2,40.547443,-80.037123
Pittsburgh,NA,27,0.2,40.5336,-80.036028
Pittsburgh,NA,28,0.0666666666666667,40.517579,-80.03321
Pittsburgh,NA,29,0.0666666666666667,40.504076,-80.022495
Pittsburgh,NA,3,0.133333333333333,40.870182,-80.041012
Pittsburgh,NA,30,0.666666666666667,40.491549,-80.022066
Pittsburgh,NA,31,0.2,40.481137,-80.013501
Pittsburgh,NA,32,0.133333333333333,40.47077,-80.009525
Pittsburgh,NA,33,0.0666666666666667,40.456782,-80.006727
Pittsburgh,NA,34,0,40.453975,-80.002438
Pittsburgh,NA,35,0.0666666666666667,40.441753,-80.007324
Pittsburgh,NA,36,0.1,40.443175,-80.004417
Pittsburgh,NA,37,0.266666666666667,40.441544,-80.005368
Pittsburgh,NA,38,0.466666666666667,40.447761,-79.986863
Pittsburgh,NA,39,0.142857142857143,40.45193,-79.981636
Pittsburgh,NA,4,0.2,40.853193,-80.038385
Pittsburgh,NA,40,0.2,40.44696,-79.993722
Pittsburgh,NA,5,0.133333333333333,40.843092,-80.039752
Pittsburgh,NA,6,0.25,40.830966,-80.043678
Pittsburgh,NA,7,0.466666666666667,40.818083,-80.04305
Pittsburgh,NA,8,0.466666666666667,40.805323,-80.055053
Pittsburgh,NA,9,0.466666666666667,40.792571,-80.054766
Pittsburgh,"NA",City Centre,"NA",40.440624,-79.995888
Tampa,NA,1,1,28.324529,-82.357619
Tampa,NA,10,1,28.006086,-82.174234
Tampa,NA,11,1,28.009763,-82.163742
Tampa,NA,12,1,28.018261,-82.105072
Tampa,NA,13,0.933333333333333,28.020768,-82.092934
Tampa,NA,14,0.933333333333333,28.035472,-82.017525
Tampa,NA,15,1,28.039306,-82.002795
Tampa,NA,2,1,28.193446,-82.637518
Tampa,NA,3,1,28.084311,-82.50348
Tampa,NA,4,1,27.97034,-82.460203
Tampa,NA,5,1,27.945929,-82.463867
Tampa,NA,6,1,27.981413,-82.38632
Tampa,NA,7,1,27.990293,-82.239326
Tampa,NA,8,1,27.993018,-82.224685
Tampa,NA,9,1,27.996722,-82.210449
Tampa,"NA",City Centre,"NA",27.94742,-82.458778
Toronto,A,1,0.210526315789474,44.0302644,-79.52738917
Toronto,A,10,0.55,43.95194554,-79.50947256
Toronto,A,11,0.4,43.94275656,-79.50682589
Toronto,A,12,0.25,43.93385552,-79.50470828
Toronto,A,13,0.95,43.92441239,-79.50305515
Toronto,A,14,0.45,43.91588458,-79.50046785
Toronto,A,15,0.4,43.90683218,-79.49874497
Toronto,A,16,0.3,43.89755568,-79.49655792
Toronto,A,17,0.8,43.888435,-79.49435467
Toronto,A,18,0.8,43.8811002,-79.49240805
Toronto,A,19,0.45,43.87065459,-79.48960918
Toronto,A,2,0.25,44.01968437,-79.52537587
Toronto,A,20,0.4,43.86150469,-79.48793643
Toronto,A,21,0.2,43.85038448,-79.48520713
Toronto,A,22,0.15,43.83598273,-79.48183193
Toronto,A,23,0.3,43.82418131,-79.47900514
Toronto,A,24,0.55,43.81359026,-79.47643065
Toronto,A,25,0.35,43.80455856,-79.47471928
Toronto,A,26,0.15,43.79253295,-79.47182664
Toronto,A,27,0.4,43.78137166,-79.47130456
Toronto,A,28,0.2,43.77236212,-79.46798618
Toronto,A,29,0.45,43.76264866,-79.46586661
Toronto,A,3,0.2,44.01056937,-79.52316198
Toronto,A,30,0.15,43.75188371,-79.46404388
Toronto,A,31,0.2,43.74526825,-79.43615832
Toronto,A,32,0.0526315789473684,43.7369396,-79.43353511
Toronto,A,33,0.368421052631579,43.72485836,-79.43082152
Toronto,A,34,0.15,43.7147905,-79.42897945
Toronto,A,35,0.55,43.70414094,-79.42665935
Toronto,A,36,0.4,43.69416336,-79.42296751
Toronto,A,37,0.2,43.68315226,-79.41975321
Toronto,A,38,0.05,43.67198534,-79.41420663
Toronto,A,39,0.3,43.66346793,-79.41200875
Toronto,A,4,0.4,43.99906923,-79.51997222
Toronto,A,40,0.15,43.6571995,-79.40756003
Toronto,A,41,0.05,43.64994276,-79.404773
Toronto,A,42,0.15,43.64299751,-79.40337219
Toronto,A,43,0.15,43.63471312,-79.39920481
Toronto,A,5,0.65,43.99338264,-79.51925626
Toronto,A,6,0.35,43.98568084,-79.51690128
Toronto,A,7,0.578947368421053,43.9776803,-79.51558202
Toronto,A,8,0.45,43.96956954,-79.51282817
Toronto,A,9,0.25,43.95736342,-79.51063671
Toronto,B,51,0.15,43.66677071,-79.58811171
Toronto,B,52,0.4,43.65359237,-79.59483319
Toronto,B,53,0.15,43.65254421,-79.61222466
Toronto,B,54,0.368421052631579,43.64917643,-79.6210086
Toronto,B,55,0.2,43.64228065,-79.6307686
Toronto,B,56,0.2,43.63520223,-79.63887687
Toronto,B,57,0.105263157894737,43.62759151,-79.650179
Toronto,B,58,0.2,43.62269316,-79.66040198
Toronto,B,59,0.2,43.61869318,-79.67039911
Toronto,B,60,0.444444444444444,43.61443904,-79.68222202
Toronto,B,61,0.3,43.60973886,-79.6888543
Toronto,B,62,0.45,43.59252008,-79.68810147
Toronto,B,63,0.25,43.58807494,-79.69810103
Toronto,B,64,0.4,43.58249518,-79.70595034
Toronto,B,65,0.55,43.56542753,-79.69993662
Toronto,B,66,0.294117647058824,43.55596515,-79.71029559
Toronto,B,67,0.35,43.54694878,-79.72037514
Toronto,B,68,0.35,43.54053796,-79.7268469
Toronto,B,69,0.35,43.52370691,-79.74580418
Toronto,B,70,0.421052631578947,43.51813295,-79.75202867
Toronto,B,71,0.35,43.50122643,-79.75847466
Toronto,B,72,0.6,43.48836331,-79.75211863
Toronto,B,73,0.35,43.47841214,-79.76314166
Toronto,B,74,0.411764705882353,43.47103724,-79.77122198
Toronto,B,75,0.55,43.45752564,-79.75460259
Toronto,B,76,0.4,43.44216873,-79.77350687
Toronto,B,77,0.444444444444444,43.446351,-79.79789595
Toronto,B,78,0.421052631578947,43.43697531,-79.80823568
Toronto,B,79,0.5,43.43666174,-79.82504026
Toronto,B,80,0.6,43.4281789,-79.83364941
Toronto,B,81,0.3,43.41100034,-79.83634158
Toronto,B,82,0.55,43.40464167,-79.84302214
Toronto,B,83,0.4,43.3983028,-79.85073545
Toronto,B,84,0.117647058823529,43.67341473,-79.56898504
Toronto,B,85,0.1,43.68469058,-79.56377071
Toronto,B,86,0.1,43.68870796,-79.54969796
Toronto,B,87,0.25,43.69236333,-79.53795555
Toronto,B,88,0.2,43.69756271,-79.52454705
Toronto,B,89,0.2,43.70104785,-79.51156759
Toronto,B,90,0.4,43.70214998,-79.49979723
Toronto,B,91,0.2,43.70514398,-79.48893699
Toronto,B,92,0.2,43.70942878,-79.47234106
Toronto,B,93,0.35,43.71300431,-79.46299192
Toronto,B,94,0.368421052631579,43.71542577,-79.44979852
Toronto,C,100,0.3,43.93221747,-79.03384622
Toronto,C,101,0.1,43.93092424,-79.05568178
Toronto,C,102,0.3,43.92854685,-79.06640839
Toronto,C,103,0.3,43.92464106,-79.07007854
Toronto,C,104,0.4,43.89005593,-79.06586621
Toronto,C,105,0.625,43.90227072,-79.09777029
Toronto,C,106,0.35,43.89434269,-79.13011439
Toronto,C,107,0.05,43.89120349,-79.14366973
Toronto,C,108,0.1,43.8813535,-79.14593607
Toronto,C,109,0.166666666666667,43.86494226,-79.17410511
Toronto,C,110,0.15,43.85366235,-79.18029383
Toronto,C,111,0.25,43.8500703,-79.19347686
Toronto,C,112,0.55,43.84474537,-79.21667322
Toronto,C,113,0.15,43.83980802,-79.23145293
Toronto,C,114,0.5,43.83784332,-79.24921964
Toronto,C,115,0.666666666666667,43.83430312,-79.26242083
Toronto,C,116,0.25,43.83251828,-79.27349158
Toronto,C,117,0,43.82853877,-79.28746333
Toronto,C,118,0.1,43.82482022,-79.30292324
Toronto,C,119,0.15,43.82545532,-79.31859168
Toronto,C,120,0.05,43.74692717,-79.30835738
Toronto,C,121,0.1,43.7414388,-79.31842839
Toronto,C,122,0.2,43.7387551,-79.33702561
Toronto,C,123,0.2,43.73896784,-79.35153552
Toronto,C,124,0.45,43.73483029,-79.35765708
Toronto,C,125,0.1,43.7322003,-79.37212899
Toronto,C,126,0.25,43.72818884,-79.39206116
Toronto,C,127,0.1,43.72146965,-79.40925437
Toronto,C,128,0.157894736842105,43.72226108,-79.42658187
Toronto,C,95,0.421052631578947,43.95298206,-78.9600189
Toronto,C,96,0.3,43.95415941,-78.97423694
Toronto,C,97,0.4,43.957231,-78.997517
Toronto,C,98,0.8,43.96003555,-79.00767202
Toronto,C,99,0.894736842105263,43.9394414,-79.01742952
Toronto,"NA",City Centre,"NA",43.6561,-79.3803
Washington D.C.,NA,1,0.133333333333333,39.250695,-77.380207
Washington D.C.,NA,10,0.571428571428571,39.181441,-77.35294
Washington D.C.,NA,11,0.466666666666667,39.137957,-77.355568
Washington D.C.,NA,12,0,39.128379,-77.341539
Washington D.C.,NA,13,0.111111111111111,39.12447,-77.323035
Washington D.C.,NA,14,0.4,39.101591,-77.294314
Washington D.C.,NA,15,0.133333333333333,39.085934,-77.297883
Washington D.C.,NA,16,0.133333333333333,39.068703,-77.283129
Washington D.C.,NA,17,0.2,39.057232,-77.277096
Washington D.C.,NA,18,0.0714285714285714,39.046957,-77.264215
Washington D.C.,NA,19,0.0666666666666667,39.039745,-77.24977
Washington D.C.,NA,2,0.466666666666667,39.250062,-77.36861
Washington D.C.,NA,20,0.533333333333333,39.027263,-77.231706
Washington D.C.,NA,21,0.2,39.024098,-77.218691
Washington D.C.,NA,22,0,39.004835,-77.188111
Washington D.C.,NA,23,0.266666666666667,38.996606,-77.169563
Washington D.C.,NA,24,0.466666666666667,38.992792,-77.162234
Washington D.C.,NA,25,0.133333333333333,38.989774,-77.152914
Washington D.C.,NA,26,0.0909090909090909,38.982622,-77.13698
Washington D.C.,NA,27,0.266666666666667,38.975342,-77.126108
Washington D.C.,NA,28,0.266666666666667,38.969818,-77.116409
Washington D.C.,NA,29,0.0714285714285714,38.964794,-77.104459
Washington D.C.,NA,3,0.533333333333333,39.247967,-77.357548
Washington D.C.,NA,30,0.266666666666667,38.958192,-77.097221
Washington D.C.,NA,31,0.2,38.95265,-77.085875
Washington D.C.,NA,32,0.133333333333333,38.946952,-77.079211
Washington D.C.,NA,33,0,38.934867,-77.074225
Washington D.C.,NA,34,0.4,38.927382,-77.072054
Washington D.C.,NA,35,0.733333333333333,38.92029,-77.06371
Washington D.C.,NA,36,0.142857142857143,38.91473,-77.054289
Washington D.C.,NA,37,0.0666666666666667,38.910412,-77.045802
Washington D.C.,NA,38,0.266666666666667,38.901136,-77.039346
Washington D.C.,NA,39,0.0714285714285714,38.89516,-77.039509
Washington D.C.,NA,4,0.333333333333333,39.244985,-77.340939
Washington D.C.,NA,40,0.0714285714285714,38.895116,-77.036635
Washington D.C.,NA,41,0.266666666666667,38.890812,-77.034774
Washington D.C.,NA,42,0.133333333333333,38.879933,-77.036036
Washington D.C.,NA,43,0.0666666666666667,38.890721,-77.049072
Washington D.C.,NA,44,0.0666666666666667,38.889207,-77.012558
Washington D.C.,NA,45,0.133333333333333,38.885554,-77.000069
Washington D.C.,NA,5,0.333333333333333,39.242638,-77.322114
Washington D.C.,NA,6,0.214285714285714,39.231935,-77.329001
Washington D.C.,NA,7,0.4,39.218401,-77.331079
Washington D.C.,NA,8,0.2,39.200334,-77.326746
Washington D.C.,NA,9,0.533333333333333,39.193239,-77.334808
Washington D.C.,"NA",City Centre,"NA",38.907192,-77.036873
