City,Population,Transect,Lat.pop,Long.pop,AridityInd,AI_actual,annualPET,sept_pet,aug_pet,july_pet,june_pet,may_pet,meanMonthlyPET,sept_precip,aug_precip,july_precip,june_precip,may_precip,meanMonthlyPrecip,MWT,MST,meanSMD
Tampa,1,NA,28.324529,-82.357619,9071,0.9071,1529,138,163,174,172,177,164.8,161,203,182,171,89,161.2,9,33.9,-3.6000000000000227
Tampa,2,NA,28.193446,-82.637518,8887,0.8887,1474,134,159,168,166,169,159.2,173,209,179,158,84,160.6,9.7,34,1.4000000000000057
Tampa,3,NA,28.084311,-82.50348,8545,0.8545,1464,132,156,165,164,168,157,167,201,180,164,87,159.8,10.3,33.6,2.8000000000000114
Tampa,4,NA,27.97034,-82.460203,8084,0.8084,1441,130,152,161,160,167,154,166,200,181,166,88,160.2,11,33.8,6.199999999999989
Tampa,5,NA,27.945929,-82.463867,8071,0.8071,1436,130,151,160,160,166,153.4,165,199,181,167,87,159.8,11.2,33.7,6.400000000000006
Tampa,6,NA,27.981413,-82.38632,8194,0.8194,1468,132,155,164,164,170,157,164,201,183,171,88,161.4,10.7,33.9,4.400000000000006
Tampa,7,NA,27.990293,-82.239326,8376,0.8376,1521,137,161,171,169,175,162.6,162,204,190,178,92,165.2,10,34,2.5999999999999943
Tampa,8,NA,27.993018,-82.224685,8442,0.8442000000000001,1522,136,161,171,169,175,162.4,161,203,190,179,92,165,9.9,34,2.5999999999999943
Tampa,9,NA,27.996722,-82.210449,8433,0.8433,1526,136,161,172,169,176,162.8,161,204,191,180,93,165.8,9.8,34,3
Tampa,10,NA,28.006086,-82.174234,8417,0.8417,1536,138,163,173,171,177,164.4,160,203,191,182,93,165.8,9.8,33.9,1.4000000000000057
Tampa,11,NA,28.009763,-82.163742,8402,0.8402000000000001,1540,138,163,174,171,177,164.6,160,203,191,182,93,165.8,9.9,34,1.200000000000017
Tampa,12,NA,28.018261,-82.105072,8365,0.8365,1542,138,163,175,171,178,165,159,201,192,183,95,166,9.9,33.9,1
Tampa,13,NA,28.020768,-82.092934,8339,0.8339000000000001,1542,138,163,175,171,178,165,160,201,192,183,95,166.2,9.9,33.9,1.1999999999999886
Tampa,14,NA,28.035472,-82.017525,8206,0.8206,1533,137,163,174,171,177,164.4,158,194,192,182,98,164.8,9.9,33.9,0.4000000000000057
Tampa,15,NA,28.039306,-82.002795,8189,0.8189000000000001,1530,136,163,174,171,176,164,157,190,192,183,97,163.8,10,33.9,-0.19999999999998863
Jacksonville,1,NA,30.332625,-81.652426,8910,0.891,1423,127,159,176,168,167,159.4,177,165,149,146,84,144.2,6.8,33.6,-15.200000000000017
Jacksonville,2,NA,30.332602,-81.652372,8910,0.891,1423,127,159,176,168,167,159.4,177,165,149,146,84,144.2,6.8,33.6,-15.200000000000017
Jacksonville,3,NA,30.33813,-81.657719,8918,0.8918,1424,127,159,176,168,167,159.4,178,165,149,145,85,144.4,6.8,33.8,-15
Jacksonville,4,NA,30.341833,-81.660644,8952,0.8952,1423,126,159,175,169,168,159.4,178,166,149,145,85,144.6,6.8,33.8,-14.800000000000011
Jacksonville,5,NA,30.343828,-81.66172,8952,0.8952,1423,126,159,175,169,168,159.4,178,166,149,145,85,144.6,6.8,33.8,-14.800000000000011
Jacksonville,6,NA,30.34872,-81.662051,8952,0.8952,1423,126,159,175,169,168,159.4,178,166,149,145,85,144.6,6.8,33.8,-14.800000000000011
Jacksonville,7,NA,30.365468,-81.643351,8948,0.8948,1417,126,158,175,169,167,159,180,165,149,144,85,144.6,6.7,33.6,-14.400000000000006
Jacksonville,8,NA,30.372029,-81.640097,8934,0.8934000000000001,1417,126,158,175,168,167,158.8,182,167,149,143,85,145.2,6.6,33.5,-13.600000000000023
Jacksonville,9,NA,30.387416,-81.650536,8973,0.8973000000000001,1422,127,159,175,169,167,159.4,183,169,150,143,85,146,6.6,33.5,-13.400000000000006
Jacksonville,10,NA,30.389888,-81.656747,8973,0.8973000000000001,1422,127,159,175,169,167,159.4,183,169,150,143,85,146,6.6,33.5,-13.400000000000006
Jacksonville,11,NA,30.399336,-81.647373,8964,0.8964000000000001,1420,126,159,175,169,167,159.2,183,168,150,142,85,145.6,6.5,33.6,-13.599999999999994
Jacksonville,12,NA,30.410342,-81.650317,8966,0.8966000000000001,1423,127,160,176,169,167,159.8,184,168,150,142,85,145.8,6.5,33.7,-14
Jacksonville,13,NA,30.441438,-81.639932,8971,0.8971,1420,126,159,176,169,166,159.2,185,166,149,141,84,145,6.5,33.7,-14.199999999999989
Jacksonville,14,NA,30.442688,-81.607167,9044,0.9044000000000001,1402,125,157,174,166,164,157.2,186,163,148,141,83,144.2,6.5,33.7,-13
Jacksonville,15,NA,30.457002,-81.605689,9050,0.905,1401,125,157,174,166,164,157.2,186,163,148,140,83,144,6.5,33.6,-13.199999999999989
Jacksonville,16,NA,30.459417,-81.619352,9028,0.9028,1410,125,158,175,168,165,158.2,186,164,148,141,83,144.4,6.6,33.6,-13.799999999999983
Jacksonville,17,NA,30.4661,-81.621807,9028,0.9028,1410,125,158,175,168,165,158.2,186,164,148,141,83,144.4,6.6,33.6,-13.799999999999983
Jacksonville,18,NA,30.478216,-81.610134,9047,0.9047000000000001,1407,125,158,175,167,165,158,187,163,148,140,83,144.2,6.6,33.5,-13.800000000000011
Jacksonville,19,NA,30.484004,-81.59667,9096,0.9096000000000001,1395,124,157,173,165,163,156.4,187,163,148,139,83,144,6.7,33.5,-12.400000000000006
Jacksonville,20,NA,30.499398,-81.587485,9129,0.9129,1390,124,156,172,165,162,155.8,187,163,148,139,83,144,6.8,33.5,-11.800000000000011
Jacksonville,21,NA,30.518747,-81.589613,9144,0.9144,1391,124,156,172,165,162,155.8,188,162,148,139,82,143.8,6.8,33.4,-12
Jacksonville,22,NA,30.629104,-81.57013,9315,0.9315,1374,122,154,170,163,160,153.8,184,156,147,138,80,141,6.7,33.1,-12.800000000000011
Jacksonville,23,NA,30.62603,-81.548181,9369,0.9369000000000001,1363,122,154,169,161,158,152.8,185,153,146,138,79,140.2,6.6,33.1,-12.600000000000023
Jacksonville,24,NA,30.591774,-81.525783,9337,0.9337000000000001,1359,121,152,169,161,158,152.2,187,153,146,137,79,140.4,6.3,33.6,-11.799999999999983
Jacksonville,25,NA,30.596473,-81.516146,9356,0.9356000000000001,1353,120,152,168,160,157,151.4,187,152,146,136,78,139.8,6.3,33.3,-11.599999999999994
Jacksonville,26,NA,30.606432,-81.516968,9386,0.9386,1353,120,152,168,160,157,151.4,187,151,145,137,78,139.6,6.3,33.5,-11.800000000000011
Jacksonville,27,NA,30.617977,-81.515086,9371,0.9371,1352,119,152,168,160,157,151.2,187,151,145,137,78,139.6,6.3,33.5,-11.599999999999994
Jacksonville,28,NA,30.643745,-81.529801,9409,0.9409000000000001,1355,120,152,168,161,157,151.6,186,153,146,137,78,140,6.4,33.5,-11.599999999999994
Jacksonville,29,NA,30.64001,-81.545268,9375,0.9375,1362,122,153,169,161,158,152.6,185,154,147,137,79,140.4,6.6,33.1,-12.199999999999989
Jacksonville,30,NA,30.641822,-81.612741,9239,0.9239,1393,124,157,173,165,163,156.4,181,161,149,139,82,142.4,6.1,33.5,-14
Jacksonville,31,NA,30.650935,-81.623743,9219,0.9219,1397,124,158,173,166,163,156.8,180,161,150,139,82,142.4,5.9,33.6,-14.400000000000006
Jacksonville,32,NA,30.658639,-81.631185,9206,0.9206000000000001,1399,125,158,174,166,163,157.2,179,162,150,139,83,142.6,5.8,33.6,-14.599999999999994
Jacksonville,33,NA,30.668565,-81.638955,9228,0.9228000000000001,1400,125,158,174,166,163,157.2,178,163,150,139,83,142.6,5.7,33.6,-14.599999999999994
Jacksonville,34,NA,30.684526,-81.651168,9195,0.9195000000000001,1404,125,158,175,167,164,157.8,176,164,151,140,84,143,5.6,33.7,-14.800000000000011
Jacksonville,35,NA,30.696098,-81.659974,9196,0.9196000000000001,1407,126,159,175,168,164,158.4,174,165,151,140,84,142.8,5.6,33.7,-15.599999999999994
Atlanta,1,NA,33.580935,-84.690674,10007,1.0007000000000001,1320,126,162,176,172,162,159.6,87,95,123,99,111,103,-1.2,32.6,-56.599999999999994
Atlanta,2,NA,33.578665,-84.680071,10022,1.0022,1319,126,162,176,172,162,159.6,88,95,124,99,112,103.6,-1.2,32.5,-56
Atlanta,3,NA,33.575253,-84.671089,10000,1,1319,126,162,176,172,162,159.6,88,95,124,99,111,103.4,-1.2,32.5,-56.19999999999999
Atlanta,4,NA,33.572524,-84.662849,10022,1.0022,1316,126,162,175,172,161,159.2,88,95,124,99,111,103.4,-1.2,32.5,-55.79999999999998
Atlanta,5,NA,33.572719,-84.651049,10022,1.0022,1316,126,162,175,172,161,159.2,88,95,124,99,111,103.4,-1.2,32.5,-55.79999999999998
Atlanta,6,NA,33.571768,-84.63809,10053,1.0053,1312,125,161,175,171,161,158.6,89,95,124,99,111,103.6,-1.1,32.5,-55
Atlanta,7,NA,33.575296,-84.630425,10076,1.0076,1310,125,161,175,171,161,158.6,89,95,125,99,111,103.8,-1.1,32.4,-54.8
Atlanta,8,NA,33.573607,-84.619066,10076,1.0076,1310,125,161,175,171,161,158.6,89,96,125,99,110,103.8,-1.1,32.4,-54.8
Atlanta,9,NA,33.574739,-84.609136,10076,1.0076,1308,125,160,175,171,161,158.4,89,96,125,98,110,103.6,-1,32.4,-54.80000000000001
Atlanta,10,NA,33.574918,-84.59891,10061,1.0061,1307,125,160,175,171,161,158.4,90,96,125,98,109,103.6,-0.9,32.4,-54.80000000000001
Atlanta,11,NA,33.56886,-84.584804,10038,1.0038,1307,125,160,174,171,161,158.2,90,96,125,98,109,103.6,-0.9,32.4,-54.599999999999994
Atlanta,12,NA,33.569995,-84.574178,10045,1.0045,1305,124,160,174,171,161,158,90,96,125,98,109,103.6,-0.8,32.4,-54.400000000000006
Atlanta,13,NA,33.57685,-84.559421,10038,1.0038,1303,124,160,175,171,160,158,91,96,126,98,108,103.8,-0.8,32.3,-54.2
Atlanta,14,NA,33.583024,-84.549447,10000,1,1304,125,161,174,170,160,158,91,95,126,97,108,103.4,-0.7,32.4,-54.599999999999994
Atlanta,15,NA,33.595387,-84.546821,10061,1.0061,1300,124,160,174,170,160,157.6,91,95,126,97,108,103.4,-0.8,32.4,-54.19999999999999
Atlanta,16,NA,33.604207,-84.537996,10061,1.0061,1299,124,160,174,170,159,157.4,92,95,126,97,108,103.6,-0.8,32.4,-53.80000000000001
Atlanta,17,NA,33.607254,-84.529742,10038,1.0038,1298,123,159,174,170,160,157.2,92,95,126,97,107,103.4,-0.8,32.4,-53.79999999999998
Atlanta,18,NA,33.611845,-84.519007,10030,1.0030000000000001,1298,124,159,174,170,160,157.4,92,95,126,97,107,103.4,-0.8,32.4,-54
Atlanta,19,NA,33.619172,-84.510247,10046,1.0046,1295,124,159,174,170,160,157.4,93,95,127,96,107,103.6,-0.7,32.3,-53.80000000000001
Atlanta,20,NA,33.620712,-84.503997,10085,1.0085,1292,123,159,174,169,159,156.8,93,95,127,96,107,103.6,-0.6,32.3,-53.20000000000002
Atlanta,21,NA,33.622626,-84.488884,10038,1.0038,1294,124,159,174,169,159,157,94,95,127,96,106,103.6,-0.4,32.3,-53.400000000000006
Atlanta,22,NA,33.624875,-84.477394,10038,1.0038,1293,123,159,174,169,159,156.8,94,95,127,96,106,103.6,-0.3,32.3,-53.20000000000002
Atlanta,23,NA,33.632218,-84.468452,10038,1.0038,1291,123,159,174,168,159,156.6,95,95,127,96,105,103.6,-0.1,32.3,-53
Atlanta,24,NA,33.641732,-84.467683,9969,0.9969,1292,123,160,174,169,159,157,94,95,127,95,105,103.2,0,32.3,-53.8
Atlanta,25,NA,33.651934,-84.470666,9892,0.9892000000000001,1299,123,160,175,170,160,157.6,94,94,127,95,104,102.8,0,32.4,-54.8
Atlanta,26,NA,33.660549,-84.468862,9969,0.9969,1293,123,160,174,169,159,157,95,95,127,95,105,103.4,0,32.3,-53.599999999999994
Atlanta,27,NA,33.666759,-84.465386,10023,1.0023,1290,123,160,174,169,158,156.8,95,95,128,95,105,103.6,0,32.2,-53.20000000000002
Atlanta,28,NA,33.671274,-84.460025,10023,1.0023,1290,123,160,174,169,158,156.8,95,95,128,95,105,103.6,0,32.2,-53.20000000000002
Atlanta,29,NA,33.675384,-84.448907,10101,1.0101,1284,122,159,174,168,158,156.2,96,95,128,95,105,103.8,0.1,32.2,-52.39999999999999
Atlanta,30,NA,33.680742,-84.440582,10070,1.0070000000000001,1283,122,159,174,168,158,156.2,96,95,128,95,105,103.8,0.1,32.2,-52.39999999999999
Atlanta,31,NA,33.696144,-84.432528,10085,1.0085,1284,122,159,174,168,158,156.2,96,95,128,95,105,103.8,0.1,32.1,-52.39999999999999
Atlanta,32,NA,33.717523,-84.427056,10132,1.0132,1284,123,159,173,169,158,156.4,96,95,128,95,105,103.8,-0.1,32,-52.60000000000001
Atlanta,33,NA,33.731223,-84.419373,10140,1.014,1284,123,159,173,169,158,156.4,96,94,128,95,105,103.6,0,32.1,-52.80000000000001
Atlanta,34,NA,33.744458,-84.417923,10147,1.0147000000000002,1286,123,159,174,169,158,156.6,95,94,127,95,105,103.2,0,32.1,-53.39999999999999
Atlanta,35,NA,33.73715,-84.403285,10132,1.0132,1284,123,159,173,169,158,156.4,96,94,127,95,105,103.4,0,32.2,-53
Atlanta,36,NA,33.740698,-84.393074,10116,1.0116,1286,123,159,173,169,158,156.4,95,94,127,95,104,103,0,32.3,-53.400000000000006
Atlanta,37,NA,33.748,-84.390479,10147,1.0147000000000002,1284,123,159,173,169,158,156.4,96,95,127,95,105,103.6,0,32.3,-52.80000000000001
Atlanta,38,NA,33.754412,-84.385008,10265,1.0265,1280,122,159,173,168,158,156,96,95,127,96,106,104,0,32.1,-52
Atlanta,39,NA,33.760479,-84.381855,10171,1.0171000000000001,1285,123,159,174,169,158,156.6,95,95,127,95,105,103.4,0.1,32.3,-53.19999999999999
Atlanta,40,NA,33.766849,-84.385062,10202,1.0202,1285,123,159,173,169,159,156.6,95,95,127,95,105,103.4,0,32.2,-53.19999999999999
Atlanta,41,NA,33.768616,-84.382138,10147,1.0147000000000002,1288,123,160,174,169,158,156.8,95,95,126,95,105,103.2,0,32.3,-53.60000000000001
Atlanta,42,NA,33.770818,-84.376497,10147,1.0147000000000002,1288,123,160,174,169,158,156.8,95,95,126,95,105,103.2,0,32.3,-53.60000000000001
Atlanta,43,NA,33.76918,-84.363643,10124,1.0124,1289,123,160,174,169,159,157,95,95,126,95,105,103.2,0,32.4,-53.8
Atlanta,44,NA,33.770606,-84.357177,10218,1.0218,1284,122,159,174,169,158,156.4,96,96,127,95,106,104,0,32.2,-52.400000000000006
Atlanta,45,NA,33.772432,-84.350374,10218,1.0218,1284,122,159,174,169,158,156.4,96,96,127,95,106,104,0,32.2,-52.400000000000006
Charlotte,1,NA,35.211203,-80.866152,8983,0.8983000000000001,1279,123,159,178,171,159,158,98,102,104,98,95,99.4,-1.5,32.3,-58.599999999999994
Charlotte,2,NA,35.215639,-80.857093,9012,0.9012,1276,122,159,177,171,159,157.6,98,102,104,98,95,99.4,-1.5,32.3,-58.19999999999999
Charlotte,3,NA,35.220334,-80.851473,8981,0.8981,1277,123,159,177,171,159,157.8,98,102,104,98,95,99.4,-1.5,32.3,-58.400000000000006
Charlotte,4,NA,35.225256,-80.837693,8967,0.8967,1278,123,159,178,171,158,157.8,98,102,105,99,96,100,-1.5,32.3,-57.80000000000001
Charlotte,5,NA,35.230693,-80.842918,9013,0.9013,1277,123,159,178,171,158,157.8,98,102,104,98,96,99.6,-1.5,32.2,-58.20000000000002
Charlotte,6,NA,35.234377,-80.845951,8945,0.8945000000000001,1280,123,160,178,171,159,158.2,97,102,104,98,95,99.2,-1.5,32.3,-58.999999999999986
Charlotte,7,NA,35.227886,-80.850384,8930,0.893,1281,123,160,178,171,159,158.2,97,102,104,98,95,99.2,-1.5,32.4,-58.999999999999986
Charlotte,8,NA,35.22936,-80.842314,9013,0.9013,1277,123,159,178,171,158,157.8,98,102,104,98,96,99.6,-1.5,32.2,-58.20000000000002
Charlotte,9,NA,35.240148,-80.85594,8887,0.8887,1285,124,161,179,171,160,159,97,101,104,98,95,99,-1.5,32.4,-60
Charlotte,10,NA,35.244373,-80.86339,8967,0.8967,1279,123,160,178,171,159,158.2,97,102,103,98,95,99,-1.6,32.3,-59.19999999999999
Charlotte,11,NA,35.250674,-80.870015,8944,0.8944000000000001,1279,123,159,178,171,159,158,97,101,103,98,95,98.8,-1.6,32.4,-59.2
Charlotte,12,NA,35.258284,-80.877585,8975,0.8975000000000001,1279,123,160,178,171,159,158.2,97,101,103,98,95,98.8,-1.6,32.3,-59.39999999999999
Charlotte,13,NA,35.265117,-80.883306,9005,0.9005000000000001,1277,123,159,178,171,158,157.8,97,101,103,98,96,99,-1.6,32.3,-58.80000000000001
Charlotte,14,NA,35.27386,-80.890796,9035,0.9035000000000001,1275,123,159,178,170,159,157.8,97,101,103,98,96,99,-1.6,32.2,-58.80000000000001
Charlotte,15,NA,35.280286,-80.902495,9125,0.9125000000000001,1270,122,159,177,170,158,157.2,97,102,102,98,97,99.2,-1.6,32.1,-57.999999999999986
Charlotte,16,NA,35.281324,-80.913457,9118,0.9118,1270,122,159,177,170,158,157.2,97,102,102,98,97,99.2,-1.6,32.1,-57.999999999999986
Charlotte,17,NA,35.286743,-80.922737,9118,0.9118,1270,122,159,177,170,158,157.2,97,101,102,98,97,99,-1.7,32.2,-58.19999999999999
Charlotte,18,NA,35.293628,-80.930695,8999,0.8999,1279,123,159,178,171,159,158,97,101,102,98,97,99,-1.8,32.4,-59
Charlotte,19,NA,35.302275,-80.936494,8948,0.8948,1284,123,160,179,172,160,158.8,97,101,101,99,97,99,-1.9,32.5,-59.80000000000001
Charlotte,20,NA,35.316911,-80.943556,8963,0.8963000000000001,1283,123,161,179,171,160,158.8,97,101,102,99,97,99.2,-2,32.5,-59.60000000000001
Charlotte,21,NA,35.320359,-80.952382,9000,0.9,1281,123,160,178,171,160,158.4,97,101,102,100,98,99.6,-2,32.5,-58.80000000000001
Charlotte,22,NA,35.331405,-80.958572,8986,0.8986000000000001,1283,123,160,179,172,160,158.8,97,101,101,100,98,99.4,-2,32.5,-59.400000000000006
Charlotte,23,NA,35.344876,-80.967434,8913,0.8913000000000001,1289,124,161,179,172,161,159.4,96,101,101,100,98,99.2,-2,32.5,-60.2
Charlotte,24,NA,35.357992,-80.989697,9046,0.9046000000000001,1280,123,160,178,171,160,158.4,97,102,102,101,99,100.2,-2.2,32.4,-58.2
Charlotte,25,NA,35.364889,-80.997856,9085,0.9085000000000001,1280,123,160,178,171,160,158.4,98,102,102,102,99,100.6,-2.3,32.5,-57.80000000000001
Charlotte,26,NA,35.376333,-81.003552,9093,0.9093,1280,123,160,178,171,160,158.4,98,102,102,103,100,101,-2.4,32.5,-57.400000000000006
Charlotte,27,NA,35.387481,-81.009826,9138,0.9138000000000001,1277,123,160,177,171,159,158,98,102,102,103,101,101.2,-2.5,32.5,-56.8
Charlotte,28,NA,35.399819,-81.008975,9139,0.9139,1278,123,160,177,171,159,158,98,102,102,103,101,101.2,-2.5,32.5,-56.8
Charlotte,29,NA,35.416454,-81.010611,9123,0.9123,1278,123,160,178,171,159,158.2,98,102,102,104,101,101.4,-2.6,32.6,-56.79999999999998
Charlotte,30,NA,35.429989,-81.011185,9101,0.9101,1280,123,160,179,171,160,158.6,98,102,102,104,101,101.4,-2.6,32.6,-57.19999999999999
Charlotte,31,NA,35.443642,-80.99771,9063,0.9063,1282,124,160,179,171,160,158.8,98,101,102,104,101,101.2,-2.6,32.4,-57.60000000000001
Charlotte,32,NA,35.462018,-80.992411,9101,0.9101,1280,123,161,179,171,160,158.8,98,101,102,105,102,101.6,-2.6,32.3,-57.20000000000002
Charlotte,33,NA,35.475416,-81.001209,9124,0.9124,1279,123,160,178,172,160,158.6,98,101,102,105,102,101.6,-2.7,32.4,-57
Charlotte,34,NA,35.488837,-81.018644,9140,0.914,1280,123,160,178,172,160,158.6,98,102,102,106,103,102.2,-2.7,32.4,-56.39999999999999
Charlotte,35,NA,35.496607,-81.019761,9170,0.917,1278,123,160,178,172,160,158.6,98,102,102,106,103,102.2,-2.7,32.3,-56.39999999999999
Charlotte,36,NA,35.498083,-81.043425,9164,0.9164,1280,123,161,178,172,160,158.8,99,102,102,106,103,102.4,-2.8,32.4,-56.400000000000006
Charlotte,37,NA,35.503154,-81.05091,9231,0.9231,1275,123,159,178,171,159,158,99,102,103,107,104,103,-2.9,32.3,-55
Charlotte,38,NA,35.515316,-81.059033,9247,0.9247000000000001,1276,123,160,178,171,159,158.2,99,102,103,107,104,103,-2.9,32.2,-55.19999999999999
Charlotte,39,NA,35.525837,-81.058782,9233,0.9233,1278,123,160,178,172,160,158.6,99,102,103,108,104,103.2,-2.8,32.1,-55.39999999999999
Charlotte,40,NA,35.538963,-81.065687,9271,0.9271,1276,123,160,178,171,159,158.2,100,102,103,108,105,103.6,-2.8,32,-54.599999999999994
Norfolk,1,NA,36.525734,-76.249271,10535,1.0535,1140,109,142,161,155,141,141.6,110,136,138,103,105,118.4,-1,32.3,-23.19999999999999
Norfolk,2,NA,36.533611,-76.250144,10516,1.0516,1142,109,143,161,155,141,141.8,110,136,138,103,105,118.4,-1,32.3,-23.400000000000006
Norfolk,3,NA,36.547404,-76.242498,10545,1.0545,1137,109,142,160,154,141,141.2,110,136,138,103,104,118.2,-0.9,32.3,-22.999999999999986
Norfolk,4,NA,36.551477,-76.231768,10519,1.0519,1136,108,142,160,154,141,141,110,136,137,103,104,118,-0.9,32.2,-23
Norfolk,5,NA,36.559063,-76.227748,10519,1.0519,1136,108,142,160,154,141,141,109,135,137,102,104,117.4,-0.9,32.2,-23.599999999999994
Norfolk,6,NA,36.559572,-76.215362,10520,1.052,1133,108,142,159,154,140,140.6,110,135,137,102,104,117.6,-0.9,32.2,-23
Norfolk,7,NA,36.561527,-76.201243,10539,1.0539,1131,108,141,159,154,139,140.2,110,135,136,102,104,117.4,-0.9,32.2,-22.799999999999983
Norfolk,8,NA,36.575297,-76.200138,10539,1.0539,1130,108,141,159,154,139,140.2,109,135,136,102,104,117.2,-0.8,32.3,-22.999999999999986
Norfolk,9,NA,36.587979,-76.205732,10559,1.0559,1126,107,141,158,154,139,139.8,109,135,136,102,103,117,-0.9,32.2,-22.80000000000001
Norfolk,10,NA,36.598354,-76.209854000000007,10551,1.0551000000000001,1125,107,141,159,153,139,139.8,109,135,136,102,103,117,-0.9,32.2,-22.80000000000001
Norfolk,11,NA,36.605777,-76.210656,10542,1.0542,1125,107,141,159,153,139,139.8,109,134,136,101,103,116.6,-0.9,32.2,-23.200000000000017
Norfolk,12,NA,36.61921,-76.211041,10553,1.0553000000000001,1121,107,141,158,153,139,139.6,109,134,136,101,103,116.6,-0.9,32.2,-23
Norfolk,13,NA,36.631025,-76.208698,10561,1.0561,1121,107,141,158,153,139,139.6,109,134,135,101,103,116.4,-0.9,32.2,-23.19999999999999
Norfolk,14,NA,36.644722,-76.216359,10572,1.0572000000000001,1118,107,140,158,152,139,139.2,109,133,135,101,103,116.2,-0.8,32.1,-22.999999999999986
Norfolk,15,NA,36.654205,-76.223186,10581,1.0581,1117,106,140,158,152,139,139,109,133,135,101,103,116.2,-0.8,32,-22.799999999999997
Norfolk,16,NA,36.666569,-76.226393,10573,1.0573000000000001,1116,106,140,158,152,139,139,109,133,135,101,103,116.2,-0.7,31.9,-22.799999999999997
Norfolk,17,NA,36.675113,-76.226349,10482,1.0482,1119,107,140,158,153,139,139.4,108,132,135,101,102,115.6,-0.6,31.8,-23.80000000000001
Norfolk,18,NA,36.686555,-76.229694,10474,1.0474,1118,106,140,158,153,139,139.2,108,132,135,100,102,115.4,-0.6,31.8,-23.799999999999983
Norfolk,19,NA,36.697414,-76.232788,10474,1.0474,1117,106,140,158,153,139,139.2,108,132,135,100,102,115.4,-0.6,31.7,-23.799999999999983
Norfolk,20,NA,36.706203,-76.235476,10465,1.0465,1116,106,140,158,153,139,139.2,108,132,135,100,102,115.4,-0.5,31.6,-23.799999999999983
Norfolk,21,NA,36.715957,-76.238299,10465,1.0465,1116,106,140,159,153,138,139.2,108,131,134,100,102,115,-0.5,31.6,-24.19999999999999
Norfolk,22,NA,36.725735,-76.242221,10448,1.0448,1114,106,140,159,153,138,139.2,108,131,134,100,102,115,-0.5,31.5,-24.19999999999999
Norfolk,23,NA,36.739235,-76.241467,10477,1.0477,1110,106,140,158,152,138,138.8,108,130,134,100,101,114.6,-0.5,31.5,-24.200000000000017
Norfolk,24,NA,36.750321,-76.245681,10441,1.0441,1110,106,139,159,153,138,139,107,130,134,100,101,114.4,-0.6,31.4,-24.599999999999994
Norfolk,25,NA,36.758379,-76.24845,10433,1.0433000000000001,1108,106,139,158,153,138,138.8,107,130,134,100,101,114.4,-0.7,31.4,-24.400000000000006
Norfolk,26,NA,36.768737,-76.251939,10433,1.0433000000000001,1108,106,139,158,153,138,138.8,107,129,134,100,101,114.2,-0.6,31.4,-24.60000000000001
Norfolk,27,NA,36.785235,-76.258458,10388,1.0388,1108,105,140,158,153,138,138.8,107,129,133,100,101,114,-0.7,31.4,-24.80000000000001
Norfolk,28,NA,36.793588,-76.260703,10370,1.0370000000000001,1108,105,140,158,153,138,138.8,107,128,133,99,101,113.6,-0.7,31.3,-25.200000000000017
Norfolk,29,NA,36.804583,-76.262898,10370,1.0370000000000001,1106,105,140,158,152,138,138.6,107,128,133,99,100,113.4,-0.7,31.3,-25.19999999999999
Norfolk,30,NA,36.813869,-76.263466,10362,1.0362,1104,105,138,158,152,138,138.2,107,128,133,99,100,113.4,-0.7,31.3,-24.799999999999983
Norfolk,31,NA,36.828899,-76.260809,10344,1.0344,1102,105,138,157,152,138,138,107,127,132,99,100,113,-0.6,31.3,-25
Norfolk,32,NA,36.83578,-76.263065,10299,1.0299,1103,105,138,158,152,138,138.2,107,127,132,99,100,113,-0.6,31.3,-25.19999999999999
Norfolk,33,NA,36.847041,-76.271875,10290,1.0290000000000001,1102,105,138,158,152,138,138.2,107,126,132,99,100,112.8,-0.6,31.2,-25.39999999999999
Norfolk,34,NA,36.853598,-76.278857,10272,1.0272000000000001,1101,105,138,158,152,138,138.2,107,126,132,99,100,112.8,-0.6,31.2,-25.39999999999999
Norfolk,35,NA,36.852334,-76.285657,10281,1.0281,1100,105,138,158,152,138,138.2,107,126,132,99,100,112.8,-0.6,31.2,-25.39999999999999
Norfolk,36,NA,36.846924,-76.285781,10353,1.0353,1102,105,138,157,152,138,138,107,127,132,99,100,113,-0.7,31.2,-25
Norfolk,37,NA,36.846861,-76.294678,NA,NA,NA,NA,NA,NA,NA,NA,NaN,NA,NA,NA,NA,NA,NaN,NA,NA,NaN
Norfolk,38,NA,36.843603,-76.288229,10353,1.0353,1102,105,138,157,152,138,138,107,127,132,99,100,113,-0.7,31.2,-25
Norfolk,39,NA,36.849063,-76.290702,10353,1.0353,1102,105,138,157,152,138,138,107,127,132,99,100,113,-0.7,31.2,-25
Norfolk,40,NA,36.860801,-76.285964,10291,1.0291000000000001,1099,105,138,158,152,137,138,107,126,132,99,100,112.8,-0.6,31.2,-25.200000000000003
Washington D.C.,1,NA,39.250695,-77.380207,9071,0.9071,1109,112,152,173,164,144,149,85,94,93,95,101,93.6,-6.4,30.1,-55.400000000000006
Washington D.C.,2,NA,39.250062,-77.36861,9027,0.9027000000000001,1111,112,152,172,165,145,149.2,85,94,93,94,101,93.4,-6.4,30.2,-55.79999999999998
Washington D.C.,3,NA,39.247967,-77.357548,9219,0.9219,1102,112,151,171,163,144,148.2,87,94,93,96,103,94.6,-6.5,30,-53.599999999999994
Washington D.C.,4,NA,39.244985,-77.340939,9202,0.9202,1104,111,151,172,163,144,148.2,87,94,93,95,104,94.6,-6.5,30,-53.599999999999994
Washington D.C.,5,NA,39.242638,-77.322114,9290,0.929,1099,111,150,171,163,144,147.8,88,95,94,96,104,95.4,-6.5,29.9,-52.400000000000006
Washington D.C.,6,NA,39.231935,-77.329001,9316,0.9316000000000001,1098,111,150,171,162,144,147.6,89,94,94,96,105,95.6,-6.5,29.9,-52
Washington D.C.,7,NA,39.218401,-77.331079,9196,0.9196000000000001,1107,111,151,171,164,145,148.4,88,94,94,96,105,95.4,-6.4,30,-53
Washington D.C.,8,NA,39.200334,-77.326746,9221,0.9221,1104,112,151,171,163,144,148.2,89,94,94,96,105,95.6,-6.3,30,-52.599999999999994
Washington D.C.,9,NA,39.193239,-77.334808,9135,0.9135000000000001,1111,112,152,172,164,145,149,88,94,93,95,104,94.8,-6.3,30.1,-54.2
Washington D.C.,10,NA,39.181441,-77.35294,8932,0.8932,1124,113,154,174,166,146,150.6,88,94,93,95,103,94.6,-6.3,30.4,-56
Washington D.C.,11,NA,39.137957,-77.355568,8916,0.8916000000000001,1126,113,154,174,166,146,150.6,89,94,93,94,103,94.6,-6.4,30.6,-56
Washington D.C.,12,NA,39.128379,-77.341539,8742,0.8742000000000001,1137,114,155,176,168,147,152,88,94,93,93,102,94,-6.2,30.9,-58
Washington D.C.,13,NA,39.12447,-77.323035,8936,0.8936000000000001,1128,113,154,174,166,146,150.6,89,94,94,94,103,94.8,-6.1,30.6,-55.8
Washington D.C.,14,NA,39.101591,-77.294314,9038,0.9038,1123,113,153,173,165,146,150,91,95,94,95,105,96,-6,30.4,-54
Washington D.C.,15,NA,39.085934,-77.297883,8979,0.8979,1127,113,153,174,166,146,150.4,91,95,94,94,104,95.6,-5.9,30.5,-54.80000000000001
Washington D.C.,16,NA,39.068703,-77.283129,8921,0.8921,1131,113,153,175,167,147,151,91,94,95,93,104,95.4,-5.8,30.6,-55.599999999999994
Washington D.C.,17,NA,39.057232,-77.277096,8921,0.8921,1131,113,153,175,167,147,151,91,95,94,93,104,95.4,-5.7,30.6,-55.599999999999994
Washington D.C.,18,NA,39.046957,-77.264215,8849,0.8849,1139,114,154,175,168,148,151.8,91,94,95,93,103,95.2,-5.6,30.7,-56.60000000000001
Washington D.C.,19,NA,39.039745,-77.24977,8925,0.8925000000000001,1135,114,153,174,167,148,151.2,92,95,95,93,104,95.8,-5.6,30.6,-55.39999999999999
Washington D.C.,20,NA,39.027263,-77.231706,9137,0.9137000000000001,1124,113,152,173,165,146,149.8,93,95,96,93,106,96.6,-5.5,30.4,-53.20000000000002
Washington D.C.,21,NA,39.024098,-77.218691,9154,0.9154,1123,112,152,173,165,146,149.6,94,95,96,93,106,96.8,-5.5,30.3,-52.8
Washington D.C.,22,NA,39.004835,-77.188111,9089,0.9089,1131,113,153,174,167,147,150.8,94,95,97,92,106,96.8,-5.5,30.6,-54.000000000000014
Washington D.C.,23,NA,38.996606,-77.169563,9006,0.9006000000000001,1137,113,154,175,167,148,151.4,94,95,98,91,105,96.6,-5.4,30.6,-54.80000000000001
Washington D.C.,24,NA,38.992792,-77.162234,8957,0.8957,1141,113,154,175,168,149,151.8,94,95,98,91,105,96.6,-5.4,30.7,-55.20000000000002
Washington D.C.,25,NA,38.989774,-77.152914,8934,0.8934000000000001,1145,114,154,176,169,150,152.6,93,95,98,91,105,96.4,-5.3,30.7,-56.19999999999999
Washington D.C.,26,NA,38.982622,-77.13698,9143,0.9143,1133,113,153,174,167,148,151,95,96,99,92,106,97.6,-5.3,30.3,-53.400000000000006
Washington D.C.,27,NA,38.975342,-77.126108,9254,0.9254,1127,112,152,173,166,147,150,96,96,100,92,107,98.2,-5.3,30.2,-51.8
Washington D.C.,28,NA,38.969818,-77.116409,9288,0.9288000000000001,1125,112,152,172,166,147,149.8,96,96,100,92,107,98.2,-5.2,30.2,-51.60000000000001
Washington D.C.,29,NA,38.964794,-77.104459,9136,0.9136000000000001,1135,113,153,174,168,148,151.2,96,96,100,91,106,97.8,-5.2,30.3,-53.39999999999999
Washington D.C.,30,NA,38.958192,-77.097221,9246,0.9246000000000001,1128,112,152,174,166,147,150.2,96,96,101,91,107,98.2,-5.1,30.3,-51.999999999999986
Washington D.C.,31,NA,38.95265,-77.085875,9315,0.9315,1125,112,151,173,166,146,149.6,97,96,101,92,108,98.8,-5.2,30.1,-50.8
Washington D.C.,32,NA,38.946952,-77.079211,9496,0.9496,1113,111,150,171,164,145,148.2,98,97,102,92,109,99.6,-5.2,29.9,-48.599999999999994
Washington D.C.,33,NA,38.934867,-77.074225,9453,0.9453,1116,111,150,171,165,145,148.4,98,97,102,92,109,99.6,-5.1,30,-48.80000000000001
Washington D.C.,34,NA,38.927382,-77.072054,9409,0.9409000000000001,1117,111,151,171,164,146,148.6,98,97,102,92,108,99.4,-5.1,30,-49.19999999999999
Washington D.C.,35,NA,38.92029,-77.06371,9153,0.9153,1134,113,153,173,167,148,150.8,96,96,101,90,106,97.8,-5,30.3,-53.000000000000014
Washington D.C.,36,NA,38.91473,-77.054289,9050,0.905,1137,113,153,174,168,148,151.2,95,95,101,88,104,96.6,-4.9,30.6,-54.599999999999994
Washington D.C.,37,NA,38.910412,-77.045802,9066,0.9066000000000001,1136,113,153,174,167,148,151,95,96,101,88,105,97,-4.9,30.5,-54
Washington D.C.,38,NA,38.901136,-77.039346,9082,0.9082,1134,113,153,173,166,148,150.6,95,96,101,88,105,97,-4.9,30.5,-53.599999999999994
Washington D.C.,39,NA,38.89516,-77.039509,8998,0.8998,1138,114,153,174,167,148,151.2,94,95,101,87,103,96,-4.8,30.6,-55.19999999999999
Washington D.C.,40,NA,38.895116,-77.036635,8998,0.8998,1138,114,153,174,167,148,151.2,94,95,101,87,103,96,-4.8,30.6,-55.19999999999999
Washington D.C.,41,NA,38.890812,-77.034774,8946,0.8946000000000001,1139,113,153,174,167,148,151,94,95,100,86,102,95.4,-4.7,30.7,-55.599999999999994
Washington D.C.,42,NA,38.879933,-77.036036,8921,0.8921,1140,114,153,174,167,148,151.2,94,95,100,86,102,95.4,-4.7,30.7,-55.79999999999998
Washington D.C.,43,NA,38.890721,-77.049072,8929,0.8929,1140,113,153,174,168,148,151.2,94,95,100,87,102,95.6,-4.8,30.7,-55.599999999999994
Washington D.C.,44,NA,38.889207,-77.012558,9074,0.9074000000000001,1135,114,152,173,167,147,150.6,95,96,101,87,104,96.6,-4.6,30.5,-54
Washington D.C.,45,NA,38.885554,-77.000069,9151,0.9151,1131,112,152,173,166,147,150,95,96,102,88,105,97.2,-4.6,30.4,-52.8
Baltimore,1,NA,39.279466,-76.622552,9377,0.9377000000000001,1157,114,159,183,174,149,155.8,100,102,101,91,107,100.2,-5.1,30.5,-55.60000000000001
Baltimore,2,NA,39.286326,-76.618277,9495,0.9495,1150,114,158,182,173,148,155,101,102,101,92,108,100.8,-5.2,30.4,-54.2
Baltimore,3,NA,39.289808,-76.607076,9395,0.9395,1158,115,159,183,174,149,156,100,102,101,91,107,100.2,-5.1,30.5,-55.8
Baltimore,4,NA,39.292156,-76.603251,9429,0.9429000000000001,1156,114,159,183,173,149,155.6,100,102,101,91,107,100.2,-5.1,30.5,-55.39999999999999
Baltimore,5,NA,39.291522,-76.618313,9495,0.9495,1150,114,158,182,173,148,155,101,102,101,92,108,100.8,-5.2,30.4,-54.2
Baltimore,6,NA,39.301304,-76.618488,9615,0.9615,1145,114,157,181,172,148,154.4,101,102,102,93,109,101.4,-5.2,30.3,-53
Baltimore,7,NA,39.295251,-76.628517,9538,0.9538000000000001,1148,114,157,182,172,148,154.6,101,102,102,92,109,101.2,-5.3,30.4,-53.39999999999999
Baltimore,8,NA,39.305648,-76.637121,9692,0.9692000000000001,1139,113,156,180,171,147,153.4,102,102,102,93,110,101.8,-5.4,30.2,-51.60000000000001
Baltimore,9,NA,39.315949,-76.641027,9797,0.9797,1134,113,156,179,170,146,152.8,102,102,102,94,111,102.2,-5.4,30.1,-50.60000000000001
Baltimore,10,NA,39.322485,-76.64946,9937,0.9937,1126,112,155,178,168,146,151.8,102,102,103,95,113,103,-5.5,29.9,-48.80000000000001
Baltimore,11,NA,39.330882,-76.654304,9991,0.9991000000000001,1122,112,154,177,167,146,151.2,103,102,103,96,113,103.4,-5.5,29.9,-47.79999999999998
Baltimore,12,NA,39.33857,-76.656842,10000,1,1123,112,154,177,168,146,151.4,103,102,103,96,113,103.4,-5.6,29.8,-48
Baltimore,13,NA,39.490976,-77.156539,9605,0.9605,1091,110,151,172,162,142,147.4,93,94,93,97,105,96.4,-7.4,29.5,-51
Baltimore,14,NA,39.499079,-77.143471,9778,0.9778,1082,109,150,171,161,141,146.4,94,94,93,98,106,97,-7.4,29.4,-49.400000000000006
Baltimore,15,NA,39.506927,-77.101084,9660,0.9660000000000001,1091,110,151,172,163,142,147.6,95,94,93,98,107,97.4,-7.4,29.6,-50.19999999999999
Baltimore,16,NA,39.515313,-77.068531,9888,0.9888,1081,109,151,170,162,141,146.6,98,94,95,99,109,99,-7.5,29.3,-47.599999999999994
Baltimore,17,NA,39.516752,-77.038731,9972,0.9972000000000001,1079,109,150,171,162,141,146.6,99,94,95,99,110,99.4,-7.5,29.3,-47.19999999999999
Baltimore,18,NA,39.503057,-77.025813,9852,0.9852000000000001,1087,109,151,172,163,142,147.4,98,94,95,98,110,99,-7.4,29.5,-48.400000000000006
Baltimore,20,NA,39.494701,-77.003874,10046,1.0046,1078,108,150,171,162,140,146.2,99,94,97,99,112,100.2,-7.4,29.3,-45.999999999999986
Baltimore,21,NA,39.48531,-76.989376,9963,0.9963000000000001,1086,109,151,172,163,141,147.2,99,94,97,98,112,100,-7.3,29.5,-47.19999999999999
Baltimore,22,NA,39.488458,-76.970971,10195,1.0195,1076,108,150,171,161,140,146,101,94,98,100,114,101.4,-7.3,29.2,-44.599999999999994
Baltimore,23,NA,39.480905,-76.954726,10111,1.0111,1081,109,150,171,162,141,146.6,100,94,98,99,114,101,-7.2,29.4,-45.599999999999994
Baltimore,24,NA,39.468334,-76.93907,10055,1.0055,1087,109,151,173,162,142,147.4,100,95,98,99,114,101.2,-7.2,29.6,-46.2
Baltimore,25,NA,39.469511,-76.90166,9936,0.9936,1096,110,152,173,163,143,148.2,100,95,98,98,114,101,-7,29.8,-47.19999999999999
Baltimore,26,NA,39.448806,-76.896654,9972,0.9972000000000001,1095,109,152,173,164,143,148.2,101,95,98,98,115,101.4,-6.8,29.7,-46.79999999999998
Baltimore,27,NA,39.446347,-76.872001,10073,1.0073,1093,109,152,173,163,142,147.8,102,96,99,99,116,102.4,-6.6,29.5,-45.400000000000006
Baltimore,28,NA,39.449091,-76.84811,10304,1.0304,1083,109,150,172,161,141,146.6,103,97,100,100,117,103.4,-6.7,29.3,-43.19999999999999
Baltimore,29,NA,39.443285,-76.819023,10369,1.0369000000000002,1082,109,150,171,161,141,146.4,103,97,101,100,118,103.8,-6.7,29.3,-42.60000000000001
Baltimore,30,NA,39.438022,-76.80322,10387,1.0387,1083,109,149,171,162,141,146.4,103,97,101,100,118,103.8,-6.7,29.4,-42.60000000000001
Baltimore,31,NA,39.426723,-76.789623,10265,1.0265,1091,109,151,172,163,142,147.4,103,98,101,99,117,103.6,-6.6,29.6,-43.80000000000001
Baltimore,32,NA,39.417222,-76.777595,10154,1.0154,1100,110,152,173,164,143,148.4,103,98,101,99,116,103.4,-6.5,29.7,-45
Baltimore,33,NA,39.407863999999996,-76.763912,10081,1.0081,1106,111,152,175,165,144,149.4,103,98,101,98,116,103.2,-6.4,29.8,-46.2
Baltimore,34,NA,39.396042,-76.751058,10218,1.0218,1100,110,152,173,164,143,148.4,103,99,102,99,117,104,-6.3,29.7,-44.400000000000006
Baltimore,35,NA,39.385845,-76.736265,10272,1.0272000000000001,1099,110,151,173,164,143,148.2,104,99,102,99,117,104.2,-6.3,29.6,-43.999999999999986
Baltimore,36,NA,39.374997,-76.724809,10235,1.0235,1103,110,152,175,164,144,149,104,100,102,98,117,104.2,-6.1,29.7,-44.8
Baltimore,37,NA,39.36363,-76.712856,10253,1.0253,1103,110,152,174,165,143,148.8,104,100,103,98,116,104.2,-6,29.7,-44.60000000000001
Baltimore,38,NA,39.352313,-76.700422,10171,1.0171000000000001,1109,111,152,175,165,144,149.4,104,101,103,98,116,104.4,-5.9,29.7,-45
Baltimore,39,NA,39.344289,-76.68596,10170,1.0170000000000001,1112,111,153,175,166,144,149.8,103,101,103,98,116,104.2,-5.8,29.6,-45.60000000000001
Baltimore,40,NA,39.339674,-76.676277,10179,1.0179,1112,111,153,175,166,144,149.8,104,101,103,98,116,104.4,-5.7,29.6,-45.400000000000006
Philadelphia,1,NA,39.932978,-75.164773,10541,1.0541,1052,106,145,166,158,139,142.8,99,109,113,90,104,103,-5.5,29.1,-39.80000000000001
Philadelphia,2,NA,39.941553999999996,-75.162129,10541,1.0541,1052,106,145,166,158,139,142.8,99,109,113,90,105,103.2,-5.6,29.1,-39.60000000000001
Philadelphia,3,NA,39.95526,-75.151688,10620,1.062,1048,105,145,166,157,139,142.4,99,110,113,91,106,103.8,-5.7,29.1,-38.60000000000001
Philadelphia,4,NA,39.949904,-75.150506,10620,1.062,1048,105,145,166,157,139,142.4,99,110,113,91,105,103.6,-5.6,29.1,-38.80000000000001
Philadelphia,5,NA,39.949243,-75.169072,10620,1.062,1047,105,145,165,157,139,142.2,99,109,113,91,105,103.4,-5.7,29.1,-38.79999999999998
Philadelphia,6,NA,39.957389,-75.1718,10639,1.0639,1047,105,145,166,158,138,142.4,99,109,113,91,106,103.6,-5.8,29,-38.80000000000001
Philadelphia,7,NA,39.950409,-75.191503,10542,1.0542,1050,105,145,166,158,139,142.6,99,108,113,90,105,103,-5.8,29.3,-39.599999999999994
Philadelphia,8,NA,39.954033,-75.201998,10601,1.0601,1047,105,145,166,158,138,142.4,100,107,113,91,105,103.2,-5.8,29.5,-39.2
Philadelphia,9,NA,39.956727,-75.213349,10602,1.0602,1046,105,144,166,158,138,142.2,100,107,113,91,105,103.2,-5.9,29.6,-38.999999999999986
Philadelphia,10,NA,39.953399,-75.225836,10602,1.0602,1045,105,145,166,158,137,142.2,100,106,113,91,105,103,-5.9,29.6,-39.19999999999999
Philadelphia,11,NA,39.958481,-75.239426,10622,1.0622,1044,105,144,166,157,137,141.8,100,106,113,91,106,103.2,-5.9,29.6,-38.60000000000001
Philadelphia,12,NA,39.95529,-75.250164,10621,1.0621,1046,105,145,166,158,137,142.2,100,106,113,91,105,103,-5.9,29.7,-39.19999999999999
Philadelphia,13,NA,40.143048,-75.738781,11075,1.1075000000000002,1032,105,145,166,156,135,141.4,106,100,113,106,112,107.4,-7.9,28.8,-34
Philadelphia,14,NA,40.143642,-75.705376,11074,1.1074000000000002,1033,105,146,166,156,135,141.6,106,101,113,105,112,107.4,-7.6,28.6,-34.19999999999999
Philadelphia,15,NA,40.13075,-75.691885,11479,1.1479000000000001,1014,104,143,163,153,133,139.2,108,102,115,107,115,109.4,-7.6,28.2,-29.799999999999983
Philadelphia,16,NA,40.125979,-75.671953,11343,1.1343,1020,104,144,164,154,134,140,108,102,114,106,114,108.8,-7.5,28.3,-31.200000000000003
Philadelphia,17,NA,40.114243,-75.654742,11208,1.1208,1026,105,144,164,155,135,140.6,107,101,114,104,113,107.8,-7.6,28.6,-32.8
Philadelphia,18,NA,40.094327,-75.638174,11105,1.1105,1031,105,145,165,156,135,141.2,108,101,115,104,113,108.2,-7.6,28.7,-32.999999999999986
Philadelphia,19,NA,40.087573,-75.628752,10792,1.0792000000000002,1047,107,147,167,157,138,143.2,106,100,114,102,110,106.4,-7.5,29.2,-36.79999999999998
Philadelphia,20,NA,40.082367,-75.605694,11042,1.1042,1036,105,145,166,156,136,141.6,108,101,115,103,112,107.8,-7.5,28.8,-33.8
Philadelphia,21,NA,40.082673,-75.590158,10945,1.0945,1037,106,146,166,156,136,142,107,101,115,101,111,107,-7.4,28.9,-35
Philadelphia,22,NA,40.073963,-75.578707,11239,1.1239000000000001,1025,105,144,164,154,134,140.2,109,102,116,103,113,108.6,-7.4,28.5,-31.599999999999994
Philadelphia,23,NA,40.074997,-75.536514,10804,1.0804,1044,106,147,166,157,137,142.6,106,101,114,99,110,106,-7.1,29,-36.599999999999994
Philadelphia,24,NA,40.05556,-75.530382,10803,1.0803,1046,106,147,167,158,137,143,107,101,115,99,110,106.4,-7,29,-36.599999999999994
Philadelphia,25,NA,40.040774,-75.505626,11311,1.1311,1022,104,143,164,154,133,139.6,109,104,117,101,113,108.8,-7.1,28.4,-30.799999999999997
Philadelphia,26,NA,40.040831,-75.481985,11259,1.1259000000000001,1024,104,144,164,154,134,140,108,104,116,100,113,108.2,-7,28.5,-31.799999999999997
Philadelphia,27,NA,40.030802,-75.465262,11115,1.1115000000000002,1031,105,144,165,155,135,140.8,107,103,116,98,112,107.2,-7,28.8,-33.60000000000001
Philadelphia,28,NA,40.021151,-75.448349,11187,1.1187,1027,104,144,164,155,135,140.4,107,104,116,98,112,107.4,-7,28.8,-33
Philadelphia,29,NA,40.007312,-75.425707,11178,1.1178000000000001,1027,104,144,164,155,134,140.2,107,104,116,98,111,107.2,-7.1,29,-32.999999999999986
Philadelphia,30,NA,39.988114,-75.402262,11179,1.1179000000000001,1026,104,144,164,155,135,140.4,107,104,116,97,111,107,-6.7,29,-33.400000000000006
Philadelphia,31,NA,39.983607,-75.37832,11117,1.1117000000000001,1029,104,144,164,155,135,140.4,106,105,115,96,111,106.6,-6.5,29.1,-33.80000000000001
Philadelphia,32,NA,39.980592,-75.356671,11057,1.1057000000000001,1031,104,144,164,155,136,140.6,105,105,115,95,110,106,-6.4,29.2,-34.599999999999994
Philadelphia,33,NA,39.978515,-75.342253,11007,1.1007,1032,104,144,165,156,135,140.8,104,105,115,94,109,105.4,-6.3,29.3,-35.400000000000006
Philadelphia,34,NA,39.974347,-75.327231,10947,1.0947,1034,105,144,165,156,136,141.2,104,105,114,94,109,105.2,-6.2,29.3,-35.999999999999986
Philadelphia,35,NA,39.971222,-75.314631,10988,1.0988,1032,104,144,164,156,136,140.8,104,106,114,94,109,105.4,-6.2,29.3,-35.400000000000006
Philadelphia,36,NA,39.969458,-75.301172,10888,1.0888,1036,104,144,166,156,136,141.2,103,105,114,93,108,104.6,-6.1,29.4,-36.599999999999994
Philadelphia,37,NA,39.967208,-75.289143,10827,1.0827,1039,104,144,165,157,137,141.4,102,106,113,92,107,104,-6.1,29.5,-37.400000000000006
Philadelphia,38,NA,39.964146,-75.27453,10769,1.0769,1040,104,145,166,157,136,141.6,101,106,113,92,106,103.6,-6,29.5,-38
Philadelphia,39,NA,39.962203,-75.263448,10660,1.066,1044,105,145,166,158,137,142.2,101,106,113,91,106,103.4,-6,29.6,-38.79999999999998
Philadelphia,40,NA,39.962621,-75.254545,10650,1.065,1045,105,145,166,158,137,142.2,100,106,113,91,106,103.2,-5.9,29.6,-38.999999999999986
Cleveland,1,NA,41.507303,-81.695354,9497,0.9497000000000001,976,101,141,163,154,131,138,89,89,89,93,87,89.4,-8.2,26.4,-48.599999999999994
Cleveland,2,NA,41.497375,-81.689261,9558,0.9558000000000001,975,101,141,163,154,131,138,90,90,90,94,87,90.2,-8.4,26.6,-47.8
Cleveland,3,NA,41.499058,-81.68092,9588,0.9588000000000001,973,101,142,163,153,130,137.8,91,91,91,94,88,91,-8.5,26.7,-46.80000000000001
Cleveland,4,NA,41.505819,-81.67719,9588,0.9588000000000001,972,101,141,163,153,130,137.6,91,90,90,94,87,90.4,-8.4,26.6,-47.19999999999999
Cleveland,5,NA,41.501416999999996,-81.667019,9598,0.9598000000000001,972,101,141,163,153,130,137.6,92,90,91,94,88,91,-8.5,26.6,-46.599999999999994
Cleveland,6,NA,41.501584,-81.654977,9609,0.9609000000000001,972,101,141,163,153,130,137.6,92,91,91,95,88,91.4,-8.6,26.7,-46.19999999999999
Cleveland,7,NA,41.501469,-81.645705,9619,0.9619000000000001,972,101,141,163,153,130,137.6,92,91,91,95,88,91.4,-8.6,26.8,-46.19999999999999
Cleveland,8,NA,41.501213,-81.634998,9629,0.9629000000000001,971,101,141,162,153,130,137.4,92,91,91,95,88,91.4,-8.7,26.9,-46
Cleveland,9,NA,41.500976,-81.614077,9701,0.9701000000000001,971,101,141,162,153,130,137.4,92,91,91,94,88,91.2,-8.7,26.9,-46.2
Cleveland,10,NA,41.49927,-81.603692,9865,0.9865,965,100,140,161,152,129,136.4,93,92,91,95,89,92,-8.8,26.8,-44.400000000000006
Cleveland,11,NA,41.500653,-81.59176,9947,0.9947,961,100,139,161,151,128,135.8,94,92,91,95,89,92.2,-8.7,26.7,-43.60000000000001
Cleveland,12,NA,41.500309,-81.577958,10125,1.0125,954,99,139,160,150,128,135.2,94,92,92,95,90,92.6,-8.8,26.5,-42.599999999999994
Cleveland,13,NA,41.500757,-81.564164,10199,1.0199,952,99,138,160,150,128,135,95,93,92,96,91,93.4,-8.8,26.3,-41.599999999999994
Cleveland,14,NA,41.500936,-81.549246,10369,1.0369000000000002,947,98,137,159,149,127,134,97,93,93,97,92,94.4,-8.9,26.1,-39.599999999999994
Cleveland,15,NA,41.500927,-81.531367,10390,1.0390000000000001,948,99,138,159,149,127,134.4,97,94,93,97,92,94.6,-9.1,26,-39.80000000000001
Cleveland,16,NA,41.501103,-81.516846,10455,1.0455,945,98,137,159,149,126,133.8,97,94,93,97,92,94.6,-9.2,26,-39.20000000000002
Cleveland,17,NA,41.500338,-81.495004,10519,1.0519,944,98,137,158,149,126,133.6,97,94,94,97,92,94.8,-9.4,26,-38.8
Cleveland,18,NA,41.499069,-81.476513,10572,1.0572000000000001,944,98,136,159,149,126,133.6,98,95,94,98,93,95.6,-9.5,26,-38
Cleveland,19,NA,41.500922,-81.46025,10636,1.0636,942,98,136,158,149,126,133.4,98,95,94,98,93,95.6,-9.6,26,-37.80000000000001
Cleveland,20,NA,41.501954,-81.443846,10702,1.0702,940,98,136,158,148,126,133.2,99,96,95,99,95,96.8,-9.7,26,-36.39999999999999
Cleveland,21,NA,41.500859,-81.430062,10668,1.0668,942,98,137,158,148,126,133.4,99,95,95,99,94,96.4,-9.6,25.8,-37
Cleveland,22,NA,41.500648,-81.413628,10452,1.0452000000000001,950,99,138,159,150,127,134.6,97,95,93,98,92,95,-9.5,25.7,-39.599999999999994
Cleveland,23,NA,41.489897,-81.401355,10176,1.0176,964,100,139,161,151,129,136,97,93,92,97,91,94,-9.4,25.8,-42
Cleveland,24,NA,41.490638,-81.386265,10471,1.0471000000000001,954,99,138,160,150,127,134.8,98,95,94,98,93,95.6,-9.6,25.6,-39.20000000000002
Cleveland,25,NA,41.49042,-81.371086,10621,1.0621,949,99,138,159,149,127,134.4,99,96,95,99,94,96.6,-9.8,25.5,-37.80000000000001
Cleveland,26,NA,41.490174,-81.357096,10773,1.0773000000000001,944,98,137,158,149,126,133.6,100,96,95,100,95,97.2,-9.9,25.4,-36.39999999999999
Cleveland,27,NA,41.490838,-81.343432,10717,1.0717,948,99,137,159,149,127,134.2,99,96,95,100,94,96.8,-9.9,25.5,-37.39999999999999
Cleveland,28,NA,41.490734,-81.325614,10879,1.0879,944,98,137,158,149,126,133.6,100,97,96,101,96,98,-10.1,25.4,-35.599999999999994
Cleveland,29,NA,41.490408,-81.313267,10965,1.0965,943,98,137,158,148,126,133.4,101,97,96,101,96,98.2,-10.2,25.3,-35.2
Cleveland,30,NA,41.488515,-81.300058,10965,1.0965,943,98,137,158,148,126,133.4,101,97,96,102,96,98.4,-10.2,25.3,-35
Cleveland,31,NA,41.490178,-81.276714,11138,1.1138000000000001,940,98,136,157,147,126,132.8,103,98,98,103,98,100,-10.2,25.2,-32.80000000000001
Cleveland,32,NA,41.490074,-81.265466,11006,1.1006,944,98,137,158,148,127,133.6,102,98,97,102,97,99.2,-10.2,25.4,-34.39999999999999
Cleveland,33,NA,41.489964,-81.251125,11048,1.1048,944,98,137,158,148,127,133.6,102,98,97,103,98,99.6,-10.3,25.4,-34
Cleveland,34,NA,41.501391,-81.242747,11362,1.1362,932,97,135,156,147,125,132,103,99,98,104,100,100.8,-10.5,25.1,-31.200000000000003
Cleveland,35,NA,41.497438,-81.227512,11210,1.121,942,98,136,158,148,126,133.2,103,99,98,104,99,100.6,-10.5,25.3,-32.599999999999994
Cleveland,36,NA,41.493967,-81.213725,11344,1.1344,937,97,136,157,147,126,132.6,104,100,99,105,100,101.6,-10.6,25.2,-31
Cleveland,37,NA,41.494882,-81.199377,11469,1.1469,932,97,136,157,147,125,132.4,105,100,99,105,100,101.8,-10.6,25.2,-30.60000000000001
Cleveland,38,NA,41.495885,-81.185382,11353,1.1353,938,97,136,158,147,126,132.8,104,100,99,105,100,101.6,-10.6,25.3,-31.200000000000017
Cleveland,39,NA,41.498235,-81.172626,11164,1.1164,945,98,137,158,149,127,133.8,104,99,99,105,99,101.2,-10.6,25.5,-32.60000000000001
Cleveland,40,NA,41.496893,-81.153274,11129,1.1129,947,98,137,158,149,127,133.8,104,99,98,105,99,101,-10.7,25.5,-32.80000000000001
Pittsburgh,1,NA,40.897638,-80.044519,9863,0.9863000000000001,1029,105,147,170,161,139,144.4,89,95,105,109,99,99.4,-10.7,26.3,-45
Pittsburgh,2,NA,40.883227,-80.044318,9854,0.9854,1029,105,147,170,161,139,144.4,89,94,104,109,99,99,-10.6,26.3,-45.400000000000006
Pittsburgh,3,NA,40.870182,-80.041012,9834,0.9834,1029,105,147,169,161,139,144.2,89,94,104,108,99,98.8,-10.6,26.4,-45.39999999999999
Pittsburgh,4,NA,40.853193,-80.038385,9824,0.9824,1028,105,147,169,161,139,144.2,89,94,104,108,99,98.8,-10.6,26.4,-45.39999999999999
Pittsburgh,5,NA,40.843092,-80.039751999999993,9824,0.9824,1028,105,147,169,161,139,144.2,88,93,104,108,100,98.6,-10.5,26.4,-45.599999999999994
Pittsburgh,6,NA,40.830966,-80.043678,9400,0.9400000000000001,1050,107,149,172,164,141,146.6,87,92,103,106,98,97.2,-10.3,26.8,-49.39999999999999
Pittsburgh,7,NA,40.818083,-80.04305,9633,0.9633,1037,106,147,170,162,140,145,87,92,103,106,100,97.6,-10.3,26.6,-47.400000000000006
Pittsburgh,8,NA,40.805323,-80.055053,9251,0.9251,1055,107,150,173,165,142,147.4,86,91,102,105,98,96.4,-10.1,27,-51
Pittsburgh,9,NA,40.792571,-80.054766,9463,0.9463,1043,106,148,171,163,141,145.8,86,91,103,105,99,96.8,-10.1,26.8,-49.000000000000014
Pittsburgh,10,NA,40.783243,-80.06059,9547,0.9547,1038,106,148,170,161,140,145,86,91,103,105,100,97,-10.1,26.7,-48
Pittsburgh,11,NA,40.76718,-80.065284,9259,0.9259000000000001,1053,107,150,172,164,142,147,85,90,102,104,99,96,-9.9,27.1,-51
Pittsburgh,12,NA,40.757657,-80.066915,9489,0.9489000000000001,1039,106,148,170,162,140,145.2,86,90,103,104,100,96.6,-10,26.8,-48.599999999999994
Pittsburgh,13,NA,40.743479,-80.073594,9471,0.9471,1041,106,148,171,162,140,145.4,85,90,103,104,100,96.4,-10,26.9,-49
Pittsburgh,14,NA,40.725795,-80.073667,9303,0.9303,1048,107,149,171,163,141,146.2,84,90,102,103,100,95.8,-10,27.2,-50.39999999999999
Pittsburgh,15,NA,40.705278,-80.076043,9404,0.9404,1041,106,148,170,162,140,145.2,84,89,102,103,101,95.8,-10,27.3,-49.39999999999999
Pittsburgh,16,NA,40.686637,-80.075878,9394,0.9394,1041,106,147,170,162,140,145,84,89,102,103,101,95.8,-9.9,27.4,-49.2
Pittsburgh,17,NA,40.67073,-80.070511,9535,0.9535,1034,105,147,169,161,139,144.2,84,89,102,102,102,95.8,-9.9,27.2,-48.39999999999999
Pittsburgh,18,NA,40.654992,-80.079699,9300,0.93,1044,106,148,170,163,141,145.6,83,88,101,102,101,95,-9.7,27.4,-50.599999999999994
Pittsburgh,19,NA,40.640328,-80.066202,9516,0.9516,1035,105,147,169,161,139,144.2,83,89,102,102,102,95.6,-9.8,27,-48.599999999999994
Pittsburgh,20,NA,40.628519,-80.056814,9488,0.9488000000000001,1037,106,147,169,161,139,144.4,83,89,102,101,102,95.4,-9.7,27,-49
Pittsburgh,21,NA,40.616126,-80.056463,9516,0.9516,1035,105,147,169,161,139,144.2,83,89,102,101,102,95.4,-9.6,27,-48.79999999999998
Pittsburgh,22,NA,40.601532,-80.049894,9404,0.9404,1041,106,148,169,162,140,145,83,89,101,101,102,95.2,-9.5,27.2,-49.8
Pittsburgh,23,NA,40.587048,-80.045293,9173,0.9173,1053,107,148,172,163,141,146.2,82,88,101,100,101,94.4,-9.3,27.4,-51.79999999999998
Pittsburgh,24,NA,40.574332,-80.037282,9395,0.9395,1043,106,148,169,161,140,144.8,83,89,101,101,102,95.2,-9.3,27.2,-49.60000000000001
Pittsburgh,25,NA,40.561819,-80.039482,9404,0.9404,1042,106,148,169,161,140,144.8,82,89,101,101,102,95,-9.3,27.2,-49.80000000000001
Pittsburgh,26,NA,40.547443,-80.037123,9293,0.9293,1048,106,148,170,162,141,145.4,82,89,101,100,101,94.6,-9.1,27.3,-50.80000000000001
Pittsburgh,27,NA,40.5336,-80.036028,9321,0.9321,1047,106,148,170,162,140,145.2,82,89,101,100,102,94.8,-9.1,27.3,-50.39999999999999
Pittsburgh,28,NA,40.517579,-80.03321,9203,0.9203,1054,107,149,170,163,142,146.2,82,89,100,100,101,94.4,-8.9,27.4,-51.79999999999998
Pittsburgh,29,NA,40.504076,-80.022495,9323,0.9323,1049,107,148,170,162,140,145.4,82,90,101,100,102,95,-8.8,27.3,-50.400000000000006
Pittsburgh,30,NA,40.491549,-80.022066,9159,0.9159,1059,107,149,171,164,142,146.6,81,89,100,100,101,94.2,-8.7,27.5,-52.39999999999999
Pittsburgh,31,NA,40.481137,-80.013501,9259,0.9259000000000001,1053,107,149,171,163,141,146.2,82,90,100,100,101,94.6,-8.6,27.4,-51.599999999999994
Pittsburgh,32,NA,40.47077,-80.009525,9159,0.9159,1059,107,150,171,163,142,146.6,81,90,100,100,101,94.4,-8.6,27.5,-52.19999999999999
Pittsburgh,33,NA,40.456782,-80.006727,8676,0.8676,1088,110,152,175,167,146,150,80,89,99,98,99,93,-8.3,28,-57
Pittsburgh,34,NA,40.453975,-80.002438,8676,0.8676,1088,110,152,175,167,146,150,80,89,99,98,99,93,-8.3,28,-57
Pittsburgh,35,NA,40.441753,-80.007324,8625,0.8625,1091,110,153,176,168,146,150.6,80,89,99,98,99,93,-8.3,28.2,-57.599999999999994
Pittsburgh,36,NA,40.443175,-80.004417,8625,0.8625,1091,110,153,176,168,146,150.6,80,89,99,98,99,93,-8.3,28.2,-57.599999999999994
Pittsburgh,37,NA,40.441544,-80.005368,8642,0.8642000000000001,1090,110,153,176,167,146,150.4,80,89,98,98,99,92.8,-8.3,28.2,-57.60000000000001
Pittsburgh,38,NA,40.447761,-79.986863,8822,0.8822000000000001,1079,109,151,174,166,145,149,80,90,99,98,100,93.4,-8.3,27.9,-55.599999999999994
Pittsburgh,39,NA,40.45193,-79.981636,8704,0.8704000000000001,1088,110,152,175,167,146,150,80,89,99,98,99,93,-8.3,28.1,-57
Pittsburgh,40,NA,40.44696,-79.993722,8642,0.8642000000000001,1090,110,153,176,167,146,150.4,80,89,99,98,99,93,-8.3,28.1,-57.400000000000006
Cincinnati,1,NA,39.366827,-84.020703,9868,0.9868,1062,111,149,167,160,138,145,82,93,110,92,119,99.2,-8.5,28.6,-45.8
Cincinnati,2,NA,39.357026,-84.033543,9840,0.9840000000000001,1067,111,150,167,160,139,145.4,82,93,110,92,119,99.2,-8.5,28.6,-46.2
Cincinnati,3,NA,39.34524,-84.048586,9840,0.9840000000000001,1068,111,150,168,160,139,145.6,82,93,110,92,118,99,-8.5,28.7,-46.599999999999994
Cincinnati,4,NA,39.331878,-84.063537,9832,0.9832000000000001,1073,111,151,168,161,140,146.2,83,93,110,92,118,99.2,-8.5,28.7,-46.999999999999986
Cincinnati,5,NA,39.323291,-84.069526,9850,0.9850000000000001,1072,111,151,168,161,140,146.2,83,94,110,92,119,99.6,-8.5,28.7,-46.599999999999994
Cincinnati,6,NA,39.312546,-84.079941,9823,0.9823000000000001,1076,112,151,169,161,140,146.6,83,94,110,92,118,99.4,-8.5,28.8,-47.19999999999999
Cincinnati,7,NA,39.301649,-84.090497,9888,0.9888,1072,111,151,168,161,140,146.2,83,94,110,92,119,99.6,-8.5,28.7,-46.599999999999994
Cincinnati,8,NA,39.293146,-84.099254,9869,0.9869,1074,111,151,169,162,140,146.6,84,94,110,93,119,100,-8.5,28.8,-46.599999999999994
Cincinnati,9,NA,39.282152,-84.111027000000007,9897,0.9897,1078,112,151,169,162,141,147,84,95,110,93,119,100.2,-8.5,28.7,-46.8
Cincinnati,10,NA,39.266496,-84.119314,9907,0.9907,1079,112,151,169,162,141,147,84,95,110,93,119,100.2,-8.5,28.8,-46.8
Cincinnati,11,NA,39.253498,-84.136122,9916,0.9916,1080,112,151,169,162,141,147,85,95,110,94,119,100.6,-8.4,28.8,-46.400000000000006
Cincinnati,12,NA,39.243092,-84.145604,9898,0.9898,1081,112,151,169,162,141,147,85,95,110,93,119,100.4,-8.4,28.8,-46.599999999999994
Cincinnati,13,NA,39.235726,-84.155689,9880,0.9880000000000001,1084,112,151,170,163,141,147.4,85,95,110,94,119,100.6,-8.4,28.9,-46.80000000000001
Cincinnati,14,NA,39.231512,-84.163653,9889,0.9889,1085,112,151,170,163,142,147.6,85,95,110,94,119,100.6,-8.4,28.9,-47
Cincinnati,15,NA,39.225866,-84.179901,9916,0.9916,1084,112,152,170,163,141,147.6,85,95,110,94,119,100.6,-8.4,28.9,-47
Cincinnati,16,NA,39.217525,-84.196929,9935,0.9935,1084,112,152,169,163,142,147.6,85,96,110,94,119,100.8,-8.4,28.8,-46.8
Cincinnati,17,NA,39.209516,-84.210937,9917,0.9917,1086,112,152,170,163,142,147.8,85,96,110,94,119,100.8,-8.4,28.9,-47.000000000000014
Cincinnati,18,NA,39.20114,-84.224874,9926,0.9926,1085,112,152,170,163,142,147.8,85,96,110,95,119,101,-8.4,28.9,-46.80000000000001
Cincinnati,19,NA,39.193718,-84.238368,9898,0.9898,1088,112,152,170,163,143,148,85,96,109,95,119,100.8,-8.4,28.9,-47.2
Cincinnati,20,NA,39.189354,-84.257985,9817,0.9817,1097,113,153,172,164,144,149.2,85,96,109,94,118,100.4,-8.3,29.1,-48.79999999999998
Cincinnati,21,NA,39.18249,-84.273403,9665,0.9665,1107,114,154,173,166,145,150.4,85,96,109,94,117,100.2,-8.2,29.4,-50.2
Cincinnati,22,NA,39.177307,-84.288689,9560,0.9560000000000001,1116,114,155,174,167,147,151.4,85,95,109,93,117,99.8,-8.1,29.6,-51.60000000000001
Cincinnati,23,NA,39.168552,-84.302184,9648,0.9648,1108,114,155,173,166,145,150.6,85,96,108,94,117,100,-8.1,29.4,-50.599999999999994
Cincinnati,24,NA,39.165079,-84.318916,9674,0.9674,1106,113,154,173,166,145,150.2,84,96,108,95,117,100,-8.1,29.3,-50.19999999999999
Cincinnati,25,NA,39.159824,-84.335168,9844,0.9844,1092,112,153,171,163,143,148.4,84,96,108,96,119,100.6,-8.1,28.9,-47.80000000000001
Cincinnati,26,NA,39.16048,-84.346386,9844,0.9844,1092,112,153,171,163,143,148.4,84,96,108,96,119,100.6,-8.1,28.9,-47.80000000000001
Cincinnati,27,NA,39.160761,-84.365758,9862,0.9862000000000001,1089,112,153,170,163,143,148.2,83,96,107,96,119,100.2,-8.1,28.9,-47.999999999999986
Cincinnati,28,NA,39.160015,-84.38375,9575,0.9575,1107,114,154,173,166,145,150.4,82,95,106,95,117,99,-8,29.4,-51.400000000000006
Cincinnati,29,NA,39.160526,-84.407989,9451,0.9451,1113,114,155,174,167,146,151.2,81,95,105,94,116,98.2,-7.9,29.6,-52.999999999999986
Cincinnati,30,NA,39.155512,-84.42809,9477,0.9477000000000001,1110,114,155,173,166,146,150.8,81,95,105,95,116,98.4,-7.8,29.5,-52.400000000000006
Cincinnati,31,NA,39.143464,-84.446282,9520,0.9520000000000001,1106,113,154,173,165,145,150,80,95,104,96,116,98.2,-7.8,29.4,-51.8
Cincinnati,32,NA,39.131921,-84.463795,9609,0.9609000000000001,1101,113,154,172,165,145,149.8,80,96,104,97,117,98.8,-7.7,29.2,-51.000000000000014
Cincinnati,33,NA,39.124878,-84.484797,9636,0.9636,1099,113,154,171,164,145,149.4,79,96,103,98,117,98.6,-7.7,29.1,-50.80000000000001
Cincinnati,34,NA,39.112273,-84.491338,9391,0.9391,1117,114,155,174,166,147,151.2,78,95,102,96,115,97.2,-7.5,29.7,-53.999999999999986
Cincinnati,35,NA,39.097099,-84.510977,9340,0.934,1122,115,156,174,167,147,151.8,78,95,102,97,115,97.4,-7.4,29.8,-54.400000000000006
Cincinnati,36,NA,39.103759,-84.520116,9348,0.9348000000000001,1121,114,155,175,167,147,151.6,77,95,101,97,115,97,-7.4,29.7,-54.599999999999994
Cincinnati,37,NA,39.105944,-84.523561,9348,0.9348000000000001,1121,114,155,175,167,147,151.6,77,95,101,97,115,97,-7.4,29.7,-54.599999999999994
Cincinnati,38,NA,39.110177,-84.517946,9332,0.9332,1123,115,156,175,167,147,152,77,95,101,97,115,97,-7.5,29.7,-55
Cincinnati,39,NA,39.111454,-84.513041,9442,0.9442,1113,114,155,174,166,147,151.2,78,95,102,97,116,97.6,-7.5,29.6,-53.599999999999994
Cincinnati,40,NA,39.107108,-84.504975,9391,0.9391,1118,114,155,174,166,147,151.2,78,95,102,97,115,97.4,-7.4,29.6,-53.79999999999998
Detroit,1,NA,41.945849,-83.559168,8423,0.8423,983,102,145,169,159,133,141.6,83,85,80,91,80,83.8,-11.2,26.9,-57.8
Detroit,2,NA,41.961151,-83.548459,8435,0.8435,978,101,144,168,159,132,140.8,83,84,80,91,79,83.4,-11.3,26.9,-57.400000000000006
Detroit,3,NA,41.977974,-83.537119,8430,0.8430000000000001,975,101,144,167,158,132,140.4,83,84,80,91,79,83.4,-11.3,26.9,-57
Detroit,4,NA,41.994315,-83.528188,8430,0.8430000000000001,975,101,144,167,158,132,140.4,83,84,80,91,79,83.4,-11.4,26.8,-57
Detroit,5,NA,42.008715,-83.508652,8430,0.8430000000000001,975,101,144,167,158,132,140.4,83,85,80,91,79,83.6,-11.4,26.8,-56.80000000000001
Detroit,6,NA,42.021217,-83.496651,8408,0.8408,974,101,144,167,157,132,140.2,83,84,80,91,79,83.4,-11.3,26.8,-56.79999999999998
Detroit,7,NA,42.027746,-83.479652,8450,0.8450000000000001,968,100,143,166,157,130,139.2,84,84,80,91,78,83.4,-11.2,26.8,-55.79999999999998
Detroit,8,NA,42.041378,-83.474814,8460,0.8460000000000001,968,100,143,166,157,131,139.4,84,84,80,90,78,83.2,-11.1,26.7,-56.2
Detroit,9,NA,42.057909,-83.479858,8466,0.8466,965,100,142,166,157,131,139.2,83,84,79,90,78,82.8,-11.1,26.7,-56.39999999999999
Detroit,10,NA,42.072938,-83.45756,8445,0.8445,965,100,142,166,156,131,139,82,84,79,90,78,82.6,-11,26.7,-56.400000000000006
Detroit,11,NA,42.073288,-83.430717,8489,0.8489,960,99,141,165,156,130,138.2,83,83,80,90,78,82.8,-10.9,26.7,-55.39999999999999
Detroit,12,NA,42.087588,-83.425927,8479,0.8479,960,99,142,164,156,130,138.2,83,83,80,90,77,82.6,-10.8,26.6,-55.599999999999994
Detroit,13,NA,42.093644,-83.405507,8525,0.8525,956,99,141,164,155,129,137.6,83,83,80,89,77,82.4,-10.8,26.6,-55.19999999999999
Detroit,14,NA,42.093842,-83.372881,8598,0.8598,949,98,140,163,154,128,136.6,84,82,80,89,78,82.6,-10.7,26.7,-54
Detroit,15,NA,42.093975,-83.343918,8654,0.8654000000000001,944,98,140,162,152,127,135.8,84,83,80,89,78,82.8,-10.6,26.7,-53.000000000000014
Detroit,16,NA,42.094103,-83.319385,8722,0.8722000000000001,939,97,139,160,152,127,135,85,83,81,89,78,83.2,-10.5,26.7,-51.8
Detroit,17,NA,42.094692,-83.294274,8779,0.8779,934,97,137,159,151,126,134,85,83,81,89,78,83.2,-10.4,26.7,-50.8
Detroit,18,NA,42.111556,-83.283384,8788,0.8788,933,97,137,159,151,126,134,86,83,82,89,78,83.6,-10.3,26.7,-50.400000000000006
Detroit,19,NA,42.128548,-83.272336,8846,0.8846,928,96,137,159,150,125,133.4,86,83,82,89,78,83.6,-10.3,26.8,-49.80000000000001
Detroit,20,NA,42.142449,-83.262648,8845,0.8845000000000001,927,96,137,158,150,125,133.2,85,83,81,89,78,83.2,-10.2,26.7,-49.999999999999986
Detroit,21,NA,42.157999,-83.248588,8855,0.8855000000000001,926,96,137,158,149,125,133,87,83,82,89,78,83.8,-10.1,26.9,-49.2
Detroit,22,NA,42.174323,-83.237089,8855,0.8855000000000001,926,96,137,158,149,125,133,87,83,82,88,78,83.6,-10.1,27.2,-49.400000000000006
Detroit,23,NA,42.188654,-83.222529,8864,0.8864000000000001,925,96,136,158,149,125,132.8,86,83,82,89,78,83.6,-10.2,27.2,-49.20000000000002
Detroit,24,NA,42.202778,-83.206249,8864,0.8864000000000001,925,96,136,158,149,125,132.8,88,83,83,89,78,84.2,-10.2,27.1,-48.60000000000001
Detroit,25,NA,42.2177,-83.192863,8856,0.8856,927,96,137,158,149,126,133.2,88,83,82,88,78,83.8,-10.2,27.1,-49.39999999999999
Detroit,26,NA,42.234879,-83.194231,8817,0.8817,930,96,137,159,150,126,133.6,88,83,82,89,77,83.8,-10.2,27.1,-49.8
Detroit,27,NA,42.252086,-83.194316,8807,0.8807,931,96,137,159,150,127,133.8,87,83,83,89,77,83.8,-10.2,27.1,-50.000000000000014
Detroit,28,NA,42.267961,-83.182124,8819,0.8819,932,96,138,159,150,127,134,87,83,83,89,77,83.8,-10.2,27,-50.2
Detroit,29,NA,42.282787,-83.169965,8809,0.8809,932,96,138,159,150,127,134,87,83,83,90,77,84,-10.2,27.1,-50
Detroit,30,NA,42.291429,-83.144939,8838,0.8838,930,96,137,159,150,127,133.8,91,85,85,91,79,86.2,-10.1,26.9,-47.60000000000001
Detroit,31,NA,42.300214,-83.120134,8869,0.8869,929,96,137,159,150,127,133.8,89,83,83,89,77,84.2,-10,26.8,-49.60000000000001
Detroit,32,NA,42.308343,-83.095935,8869,0.8869,929,96,137,159,150,127,133.8,89,83,83,88,76,83.8,-9.9,26.8,-50.000000000000014
Detroit,33,NA,42.313886,-83.082222,8932,0.8932,927,95,137,159,150,127,133.6,89,83,83,87,76,83.6,-9.8,26.8,-50
Detroit,34,NA,42.32272,-83.066421,8932,0.8932,927,95,137,159,150,127,133.6,90,82,83,88,76,83.8,-9.7,26.8,-49.8
Detroit,35,NA,42.327891,-83.045662,9003,0.9003,923,95,137,158,150,126,133.2,91,83,84,88,77,84.6,-9.8,26.8,-48.599999999999994
Detroit,36,NA,42.331223,-83.032033,8913,0.8913000000000001,930,96,137,159,151,127,134,90,82,82,87,76,83.4,-9.8,26.9,-50.599999999999994
Detroit,37,NA,42.332419,-83.043192,9003,0.9003,923,95,137,158,150,126,133.2,91,83,84,88,77,84.6,-9.8,26.8,-48.599999999999994
Detroit,38,NA,42.337377,-83.049865,8942,0.8942,927,95,137,159,150,127,133.6,90,83,84,88,77,84.4,-9.8,26.9,-49.19999999999999
Detroit,39,NA,42.332606,-83.054864,8971,0.8971,924,95,137,158,150,127,133.4,90,83,84,89,77,84.6,-9.8,26.8,-48.80000000000001
Detroit,40,NA,42.336963,-83.061701,8900,0.89,928,95,137,159,150,127,133.6,90,83,84,88,76,84.2,-9.8,26.9,-49.39999999999999
Toronto,1,A,44.0302644,-79.52738917,9808,0.9808,834,86,128,154,142,115,125,83,89,84,83,83,84.4,-13.7,23.4,-40.599999999999994
Toronto,2,A,44.01968437,-79.52537587,9831,0.9831000000000001,833,86,128,154,142,115,125,85,88,84,83,84,84.8,-13.7,23.3,-40.2
Toronto,3,A,44.01056937,-79.52316198,9939,0.9939,830,86,127,154,141,114,124.4,85,89,85,84,85,85.6,-13.7,23.3,-38.80000000000001
Toronto,4,A,43.99906923,-79.51997222,9748,0.9748,834,86,128,154,142,115,125,85,88,83,83,82,84.2,-13.6,23.5,-40.8
Toronto,5,A,43.99338264,-79.51925626,9748,0.9748,834,86,128,154,142,115,125,85,88,83,83,82,84.2,-13.6,23.5,-40.8
Toronto,6,A,43.98568084,-79.51690128,9807,0.9807,832,86,128,153,142,115,124.8,85,88,84,83,83,84.6,-13.6,23.5,-40.2
Toronto,7,A,43.9776803,-79.51558202,9760,0.9760000000000001,835,86,128,154,142,115,125,87,89,83,82,83,84.8,-13.6,23.5,-40.2
Toronto,8,A,43.96956954,-79.51282817,9772,0.9772000000000001,834,86,128,154,142,115,125,87,89,83,83,83,85,-13.6,23.5,-40
Toronto,9,A,43.95736342,-79.51063671,9677,0.9677,836,86,128,154,142,115,125,87,88,83,81,82,84.2,-13.5,23.5,-40.8
Toronto,10,A,43.95194554,-79.50947256,9677,0.9677,836,86,128,154,142,115,125,87,88,83,81,82,84.2,-13.5,23.5,-40.8
Toronto,11,A,43.94275656,-79.50682589,9618,0.9618000000000001,838,86,129,154,142,115,125.2,86,88,82,82,82,84,-13.5,23.6,-41.2
Toronto,12,A,43.93385552,-79.50470828,9653,0.9653,837,86,128,154,142,115,125,86,87,82,82,82,83.8,-13.4,23.6,-41.2
Toronto,13,A,43.92441239,-79.50305515,9713,0.9713,837,86,128,154,142,115,125,86,88,83,81,82,84,-13.4,23.5,-41
Toronto,14,A,43.91588458,-79.50046785,9725,0.9725,837,86,128,154,142,115,125,87,87,82,81,82,83.8,-13.4,23.5,-41.2
Toronto,15,A,43.90683218,-79.49874497,9795,0.9795,833,86,128,153,141,115,124.6,86,87,83,81,82,83.8,-13.3,23.6,-40.8
Toronto,16,A,43.89755568,-79.49655792,9724,0.9724,835,86,128,153,141,115,124.6,87,87,82,80,81,83.4,-13.2,23.9,-41.19999999999999
Toronto,17,A,43.888435,-79.49435467,9630,0.9630000000000001,839,86,128,154,142,116,125.2,87,87,82,80,81,83.4,-13.1,24.2,-41.8
Toronto,18,A,43.8811002,-79.49240805,9606,0.9606,838,86,128,154,142,115,125,87,87,81,79,80,82.8,-12.9,24.4,-42.2
Toronto,19,A,43.87065459,-79.48960918,9511,0.9511000000000001,840,86,129,154,142,116,125.4,86,86,80,79,79,82,-12.8,24.4,-43.400000000000006
Toronto,20,A,43.86150469,-79.48793643,9430,0.9430000000000001,843,87,129,155,142,116,125.8,85,86,80,78,78,81.4,-12.7,24.3,-44.39999999999999
Toronto,21,A,43.85038448,-79.48520713,9430,0.9430000000000001,843,86,129,154,142,116,125.4,86,86,80,79,79,82,-12.6,24.1,-43.400000000000006
Toronto,22,A,43.83598273,-79.48183193,9397,0.9397000000000001,847,86,129,155,143,117,126,86,86,81,78,78,81.8,-12.6,24.3,-44.2
Toronto,23,A,43.82418131,-79.47900514,9294,0.9294,850,87,130,155,143,117,126.4,86,86,81,78,78,81.8,-12.5,24.7,-44.60000000000001
Toronto,24,A,43.81359026,-79.47643065,9316,0.9316000000000001,849,87,129,155,143,117,126.2,85,86,81,77,77,81.2,-12.4,24.9,-45
Toronto,25,A,43.80455856,-79.47471928,9360,0.936,845,86,129,154,142,116,125.4,84,85,79,77,77,80.4,-12.2,24.9,-45
Toronto,26,A,43.79253295,-79.47182664,9327,0.9327000000000001,847,87,129,154,142,116,125.6,83,85,80,76,76,80,-12.1,24.9,-45.599999999999994
Toronto,27,A,43.78137166,-79.47130456,9316,0.9316000000000001,848,86,129,155,143,117,126,84,85,80,77,76,80.4,-12,24.8,-45.599999999999994
Toronto,28,A,43.77236212,-79.46798618,9363,0.9363,849,87,130,154,143,117,126.2,85,85,80,77,77,80.8,-11.9,24.8,-45.400000000000006
Toronto,29,A,43.76264866,-79.46586661,9408,0.9408000000000001,846,86,129,154,142,117,125.6,86,85,80,77,77,81,-11.8,24.8,-44.599999999999994
Toronto,30,A,43.75188371,-79.46404388,9408,0.9408000000000001,846,86,129,154,142,117,125.6,86,85,80,77,77,81,-11.8,24.9,-44.599999999999994
Toronto,31,A,43.74526825,-79.43615832,9429,0.9429000000000001,842,86,128,153,141,116,124.8,85,84,78,75,77,79.8,-11.7,24.9,-45
Toronto,32,A,43.7369396,-79.43353511,9441,0.9441,841,86,128,152,141,116,124.6,86,84,79,76,76,80.2,-11.7,24.9,-44.39999999999999
Toronto,33,A,43.72485836,-79.43082152,9474,0.9474,838,86,127,152,140,115,124,86,84,78,76,78,80.4,-11.5,25,-43.599999999999994
Toronto,34,A,43.7147905,-79.42897945,9508,0.9508000000000001,835,85,127,151,140,115,123.6,85,84,78,76,77,80,-11.5,25,-43.599999999999994
Toronto,35,A,43.70414094,-79.42665935,9508,0.9508000000000001,835,85,127,151,140,115,123.6,85,83,77,75,78,79.6,-11.4,25,-44
Toronto,36,A,43.69416336,-79.42296751,9543,0.9543,832,85,127,150,139,114,123,84,82,77,74,77,78.8,-11.1,25,-44.2
Toronto,37,A,43.68315226,-79.41975321,9542,0.9542,830,85,126,150,137,114,122.4,84,82,77,74,76,78.6,-10.7,25.1,-43.80000000000001
Toronto,38,A,43.67198534,-79.41420663,9516,0.9516,828,85,125,149,136,113,121.6,84,81,76,73,76,78,-10.3,25.1,-43.599999999999994
Toronto,39,A,43.66346793,-79.41200875,9458,0.9458000000000001,831,86,125,148,137,113,121.8,84,82,77,73,77,78.6,-10.2,25,-43.2
Toronto,40,A,43.6571995,-79.40756003,9446,0.9446,831,86,125,148,137,114,122,85,82,77,73,77,78.8,-10.1,24.9,-43.2
Toronto,41,A,43.64994276,-79.404773,9388,0.9388000000000001,834,86,126,148,137,114,122.2,84,81,77,74,76,78.4,-10.1,24.8,-43.8
Toronto,42,A,43.64299751,-79.40337219,9388,0.9388000000000001,834,86,126,148,137,114,122.2,84,81,77,74,76,78.4,-10.1,24.8,-43.8
Toronto,43,A,43.63471312,-79.39920481,9307,0.9307000000000001,837,86,126,149,138,114,122.6,82,80,74,71,75,76.4,-10,24.7,-46.19999999999999
Toronto,51,B,43.66677071,-79.58811171,9175,0.9175000000000001,861,88,131,156,143,118,127.2,79,80,78,73,74,76.8,-11.5,25,-50.400000000000006
Toronto,52,B,43.65359237,-79.59483319,9175,0.9175000000000001,861,88,131,156,143,118,127.2,77,79,78,73,74,76.2,-11.5,25,-51
Toronto,53,B,43.65254421,-79.61222466,9153,0.9153,862,88,132,156,143,118,127.4,77,79,78,72,74,76,-11.6,25.1,-51.400000000000006
Toronto,54,B,43.64917643,-79.6210086,9153,0.9153,862,88,132,156,143,118,127.4,78,80,79,74,76,77.4,-11.6,25.1,-50
Toronto,55,B,43.64228065,-79.6307686,9163,0.9163,861,88,131,156,143,118,127.2,78,79,80,74,76,77.4,-11.6,25.1,-49.8
Toronto,56,B,43.63520223,-79.63887687,9164,0.9164,862,88,132,156,143,118,127.4,79,80,80,74,77,78,-11.6,25.1,-49.400000000000006
Toronto,57,B,43.62759151,-79.650179,9303,0.9303,861,88,131,156,143,118,127.2,78,79,81,73,77,77.6,-11.7,25.2,-49.60000000000001
Toronto,58,B,43.62269316,-79.66040198,9303,0.9303,861,88,131,156,143,118,127.2,81,78,81,73,78,78.2,-11.6,25.1,-49
Toronto,59,B,43.61869318,-79.67039911,9337,0.9337000000000001,860,88,132,156,143,117,127.2,80,79,81,73,79,78.4,-11.7,25,-48.8
Toronto,60,B,43.61443904,-79.68222202,9327,0.9327000000000001,862,88,132,156,143,118,127.4,79,78,82,73,79,78.2,-11.6,25,-49.2
Toronto,61,B,43.60973886,-79.6888543,9316,0.9316000000000001,863,88,132,156,144,118,127.6,79,78,82,73,79,78.2,-11.7,25.1,-49.39999999999999
Toronto,62,B,43.59252008,-79.68810147,9349,0.9349000000000001,861,88,131,156,143,118,127.2,78,78,82,72,79,77.8,-11.4,25,-49.400000000000006
Toronto,63,B,43.58807494,-79.69810103,9306,0.9306000000000001,865,88,132,157,144,118,127.8,79,77,82,72,79,77.8,-11.4,25.1,-50
Toronto,64,B,43.58249518,-79.70595034,9260,0.926,865,89,132,156,144,118,127.8,78,75,81,71,80,77,-11.3,25.1,-50.8
Toronto,65,B,43.56542753,-79.69993662,9237,0.9237000000000001,866,88,132,157,144,118,127.8,76,75,80,71,81,76.6,-11.1,25.1,-51.2
Toronto,66,B,43.55596515,-79.71029559,9385,0.9385,863,88,131,156,144,118,127.4,78,77,83,73,81,78.4,-11.2,25,-49
Toronto,67,B,43.54694878,-79.72037514,9386,0.9386,864,88,132,156,144,118,127.6,79,77,83,73,82,78.8,-11.1,25,-48.8
Toronto,68,B,43.54053796,-79.7268469,9455,0.9455,863,88,131,156,144,118,127.4,78,76,82,71,82,77.8,-11.2,24.9,-49.60000000000001
Toronto,69,B,43.52370691,-79.74580418,9478,0.9478000000000001,863,88,132,157,144,117,127.6,79,75,81,71,83,77.8,-11.4,24.5,-49.8
Toronto,70,B,43.51813295,-79.75202867,9478,0.9478000000000001,863,88,132,157,144,117,127.6,79,75,81,71,83,77.8,-11.5,24.7,-49.8
Toronto,71,B,43.50122643,-79.75847466,9502,0.9502,864,88,132,157,144,118,127.8,80,76,82,71,83,78.4,-11.7,24.9,-49.39999999999999
Toronto,72,B,43.48836331,-79.75211863,9491,0.9491,865,88,132,157,144,118,127.8,81,76,81,70,84,78.4,-11.3,24.9,-49.39999999999999
Toronto,73,B,43.47841214,-79.76314166,9502,0.9502,864,88,132,157,144,118,127.8,81,76,82,70,84,78.6,-11.3,25,-49.2
Toronto,74,B,43.47103724,-79.771221980000007,9446,0.9446,867,89,132,158,144,118,128.2,80,75,82,70,84,78.2,-11.4,25,-49.999999999999986
Toronto,75,B,43.45752564,-79.75460259,9413,0.9413,869,89,133,157,144,118,128.2,80,74,82,69,84,77.8,-10.6,24.8,-50.39999999999999
Toronto,76,B,43.44216873,-79.77350687,9402,0.9402,871,89,133,157,145,118,128.4,81,76,82,71,84,78.8,-11,25.1,-49.60000000000001
Toronto,77,B,43.446351,-79.79789595,9527,0.9527,867,89,132,158,144,118,128.2,82,77,82,70,84,79,-11.4,25,-49.19999999999999
Toronto,78,B,43.43697531,-79.80823568,9516,0.9516,868,89,132,158,144,119,128.4,82,78,82,71,84,79.4,-11.3,25,-49
Toronto,79,B,43.43666174,-79.82504026,9562,0.9562,868,89,132,157,145,118,128.2,83,78,83,72,85,80.2,-11.5,24.5,-47.999999999999986
Toronto,80,B,43.4281789,-79.83364941,9529,0.9529000000000001,871,89,133,158,145,119,128.8,83,79,83,71,84,80,-11.5,24.4,-48.80000000000001
Toronto,81,B,43.41100034,-79.83634158,9608,0.9608000000000001,869,89,133,157,145,118,128.4,84,80,83,73,85,81,-11.3,24.3,-47.400000000000006
Toronto,82,B,43.40464167,-79.84302214,9631,0.9631000000000001,869,89,133,158,145,118,128.6,85,81,83,73,84,81.2,-11.4,24.3,-47.39999999999999
Toronto,83,B,43.3983028,-79.85073545,9837,0.9837,862,88,132,157,144,117,127.6,87,83,85,74,86,83,-11.5,24.2,-44.599999999999994
Toronto,84,B,43.67341473,-79.56898504,9173,0.9173,859,88,130,155,143,118,126.8,78,79,77,72,73,75.8,-11.4,25.1,-51
Toronto,85,B,43.68469058,-79.56377071,9251,0.9251,855,87,130,155,143,117,126.4,79,81,78,74,74,77.2,-11.5,25,-49.2
Toronto,86,B,43.68870796,-79.54969796,9171,0.9171,857,87,131,155,142,117,126.4,78,79,77,73,73,76,-11.4,25,-50.400000000000006
Toronto,87,B,43.69236333,-79.53795555,9182,0.9182,856,87,130,155,143,117,126.4,79,80,77,73,73,76.4,-11.4,25,-50
Toronto,88,B,43.69756271,-79.52454705,9157,0.9157000000000001,855,87,130,154,142,117,126,80,80,76,72,73,76.2,-11.3,25,-49.8
Toronto,89,B,43.70104785,-79.51156759,9167,0.9167000000000001,853,87,129,154,142,117,125.8,80,80,78,73,74,77,-11.3,25.1,-48.8
Toronto,90,B,43.70214998,-79.49979723,9177,0.9177000000000001,851,87,129,154,141,116,125.4,81,81,78,73,74,77.4,-11.3,25.1,-48
Toronto,91,B,43.70514398,-79.48893699,9256,0.9256000000000001,847,86,129,153,141,116,125,81,81,78,74,74,77.6,-11.3,25.1,-47.400000000000006
Toronto,92,B,43.70942878,-79.47234106,9429,0.9429000000000001,842,86,128,152,141,116,124.6,84,83,79,76,77,79.8,-11.5,25,-44.8
Toronto,93,B,43.71300431,-79.46299192,9441,0.9441,842,86,128,152,141,116,124.6,85,84,79,76,78,80.4,-11.5,25,-44.19999999999999
Toronto,94,B,43.71542577,-79.44979852,9452,0.9452,840,86,128,152,140,115,124.2,84,84,79,76,77,80,-11.5,25,-44.2
Toronto,95,C,43.95298206,-78.9600189,9412,0.9412,834,85,127,152,137,114,123,92,87,70,78,83,82,-12.7,24.1,-41
Toronto,96,C,43.95415941,-78.97423694,9483,0.9483,832,85,127,151,138,113,122.8,91,88,70,78,83,82,-12.7,24,-40.8
Toronto,97,C,43.957231,-78.997517,9436,0.9436,834,85,127,152,137,114,123,91,87,68,76,82,80.8,-12.7,24,-42.2
Toronto,98,C,43.96003555,-79.00767202,9495,0.9495,832,85,127,151,138,113,122.8,92,87,69,77,82,81.4,-12.8,23.9,-41.39999999999999
Toronto,99,C,43.9394414,-79.01742952,9435,0.9435,833,85,127,152,138,113,123,92,89,69,77,81,81.6,-12.6,24,-41.400000000000006
Toronto,100,C,43.93221747,-79.03384622,9307,0.9307000000000001,838,86,127,152,138,114,123.4,93,89,68,76,80,81.2,-12.6,24.1,-42.2
Toronto,101,C,43.93092424,-79.05568178,9377,0.9377000000000001,835,85,127,152,137,114,123,93,89,68,77,81,81.6,-12.6,24,-41.400000000000006
Toronto,102,C,43.92854685,-79.06640839,9483,0.9483,833,85,127,152,138,113,123,93,90,69,77,81,82,-12.6,23.9,-41
Toronto,103,C,43.92464106,-79.07007854,9272,0.9272,839,86,128,152,138,114,123.6,93,90,68,76,78,81,-12.5,24.1,-42.599999999999994
Toronto,104,C,43.89005593,-79.06586621,9134,0.9134,843,86,128,153,138,114,123.8,93,90,68,75,76,80.4,-12,24.9,-43.39999999999999
Toronto,105,C,43.90227072,-79.09777029,9353,0.9353,835,86,127,152,138,114,123.4,93,90,68,77,80,81.6,-12.4,24,-41.80000000000001
Toronto,106,C,43.89434269,-79.13011439,9506,0.9506,831,85,126,151,138,113,122.6,93,90,70,77,80,82,-12.5,23.9,-40.599999999999994
Toronto,107,C,43.89120349,-79.14366973,9471,0.9471,833,85,127,151,138,114,123,92,90,70,75,80,81.4,-12.5,23.9,-41.599999999999994
Toronto,108,C,43.8813535,-79.14593607,9423,0.9423,833,85,127,151,138,114,123,92,90,70,74,80,81.2,-12.4,24,-41.8
Toronto,109,C,43.86494226,-79.17410511,9447,0.9447000000000001,833,85,127,151,138,114,123,91,90,71,76,79,81.4,-12.4,24.1,-41.599999999999994
Toronto,110,C,43.85366235,-79.18029383,9412,0.9412,834,85,127,151,138,114,123,92,89,71,76,79,81.4,-12.3,24.6,-41.599999999999994
Toronto,111,C,43.8500703,-79.19347686,9388,0.9388000000000001,834,85,127,151,139,114,123.2,92,88,71,75,79,81,-12.3,24.8,-42.2
Toronto,112,C,43.84474537,-79.21667322,9354,0.9354,836,86,127,151,139,114,123.4,91,88,71,73,77,80,-12.2,24.4,-43.400000000000006
Toronto,113,C,43.83980802,-79.23145293,9354,0.9354,836,86,127,151,139,114,123.4,92,88,71,74,77,80.4,-12.2,24.6,-43
Toronto,114,C,43.83784332,-79.24921964,9377,0.9377000000000001,835,86,126,152,138,114,123.2,92,89,72,74,78,81,-12.1,24.7,-42.2
Toronto,115,C,43.83430312,-79.26242083,9435,0.9435,833,85,127,151,139,114,123.2,92,90,75,76,80,82.6,-12.1,24.8,-40.60000000000001
Toronto,116,C,43.83251828,-79.27349158,9459,0.9459000000000001,833,85,127,151,139,114,123.2,92,90,76,76,79,82.6,-12.1,24.9,-40.60000000000001
Toronto,117,C,43.82853877,-79.28746333,9518,0.9518000000000001,831,85,126,151,139,114,123,92,88,76,78,80,82.8,-12.1,24.9,-40.2
Toronto,118,C,43.82482022,-79.30292324,9483,0.9483,833,85,127,151,139,114,123.2,91,89,77,77,80,82.8,-12,25,-40.400000000000006
Toronto,119,C,43.82545532,-79.31859168,9471,0.9471,833,85,127,152,139,114,123.4,90,88,77,78,80,82.6,-12,24.8,-40.80000000000001
Toronto,120,C,43.74692717,-79.30835738,9495,0.9495,832,85,127,150,138,114,122.8,89,86,75,73,78,80.2,-11.2,24.7,-42.599999999999994
Toronto,121,C,43.7414388,-79.31842839,9422,0.9422,831,85,126,149,138,113,122.2,88,85,75,73,76,79.4,-11,24.7,-42.8
Toronto,122,C,43.7387551,-79.33702561,9388,0.9388000000000001,834,85,126,150,138,114,122.6,87,84,74,72,76,78.6,-11,24.5,-44
Toronto,123,C,43.73896784,-79.35153552,9435,0.9435,833,86,126,149,139,114,122.8,87,84,75,74,76,79.2,-11.1,24.5,-43.599999999999994
Toronto,124,C,43.73483029,-79.35765708,9435,0.9435,833,86,126,149,139,114,122.8,87,84,75,74,76,79.2,-11.1,24.5,-43.599999999999994
Toronto,125,C,43.7322003,-79.37212899,9446,0.9446,831,85,126,150,138,114,122.6,85,83,74,72,75,77.8,-11.1,24.6,-44.8
Toronto,126,C,43.72818884,-79.39206116,9460,0.9460000000000001,834,86,127,150,139,114,123.2,85,83,75,74,76,78.6,-11.3,24.7,-44.60000000000001
Toronto,127,C,43.72146965,-79.40925437,9485,0.9485,835,86,127,151,139,115,123.6,85,84,77,76,77,79.8,-11.4,24.9,-43.8
Toronto,128,C,43.72226108,-79.42658187,9474,0.9474,838,86,127,152,140,115,124,86,84,78,76,78,80.4,-11.5,25,-43.599999999999994
NewYork,1,NA,41.06684063,-73.7664428,12628,1.2628000000000001,974,97,138,160,150,129,134.8,110,108,105,97,115,107,-8.6,27.7,-27.80000000000001
NewYork,2,NA,41.05764423,-73.76585573,12294,1.2294,985,98,139,162,152,131,136.4,107,107,103,95,113,105,-8.4,28.1,-31.400000000000006
NewYork,3,NA,41.0487271,-73.7707796,12246,1.2246000000000001,988,98,140,162,153,131,136.8,107,107,104,95,113,105.2,-8.3,28.2,-31.60000000000001
NewYork,4,NA,41.03940032,-73.76651782,12241,1.2241,986,98,139,162,153,131,136.6,106,107,103,95,112,104.6,-8.2,28.2,-32
NewYork,5,NA,41.028981,-73.7625079,12203,1.2203000000000002,985,98,139,162,152,131,136.4,106,107,103,95,112,104.6,-8.1,28.2,-31.80000000000001
NewYork,6,NA,41.02321387,-73.7743217,12336,1.2336,980,98,138,161,151,130,135.6,106,108,103,94,112,104.6,-8.1,28.2,-31
NewYork,7,NA,41.01662283,-73.77748979,12301,1.2301,982,98,138,161,152,131,136,106,107,102,93,111,103.8,-8,28.2,-32.2
NewYork,8,NA,41.006171,-73.783879,12230,1.223,982,98,139,161,152,131,136.2,105,107,102,93,111,103.6,-8,28.2,-32.599999999999994
NewYork,9,NA,40.99805,-73.789164,12244,1.2244000000000002,980,97,139,161,152,130,135.8,105,107,102,92,111,103.4,-7.9,28.2,-32.400000000000006
NewYork,10,NA,40.98898405,-73.79618912,12184,1.2184000000000001,984,98,138,161,153,130,136,104,107,102,92,110,103,-7.8,28.1,-33
NewYork,11-I,NA,40.98291495,-73.80193395,12089,1.2089,986,98,139,162,153,130,136.4,103,107,102,92,110,102.8,-7.8,28.1,-33.60000000000001
NewYork,11-II,NA,40.97248577,-73.80600214,12191,1.2191,981,98,138,161,152,130,135.8,103,107,102,92,110,102.8,-7.8,28,-33.000000000000014
NewYork,13,NA,40.96374776,-73.81116181,12097,1.2097,982,98,138,161,152,130,135.8,103,107,102,91,109,102.4,-7.7,28.1,-33.400000000000006
NewYork,14,NA,40.95393317,-73.81533771,12104,1.2104000000000001,979,98,137,161,151,130,135.4,102,107,102,91,109,102.2,-7.7,28.1,-33.2
NewYork,15,NA,40.94553252,-73.82073067,12067,1.2067,977,97,137,160,151,129,134.8,102,107,103,91,109,102.4,-7.6,28.1,-32.400000000000006
NewYork,16,NA,40.93617494,-73.81817902,12082,1.2082000000000002,975,98,137,159,151,129,134.8,102,107,103,90,109,102.2,-7.5,28.2,-32.60000000000001
NewYork,17,NA,40.928282,-73.821338,12024,1.2024000000000001,973,97,137,159,150,128,134.2,101,107,103,90,108,101.8,-7.5,28.4,-32.39999999999999
NewYork,18,NA,40.92207784,-73.8243115,11942,1.1942000000000002,973,97,136,159,149,129,134,100,107,103,89,108,101.4,-7.4,28.6,-32.599999999999994
NewYork,19,NA,40.91708234,-73.83565107,11971,1.1971,974,97,136,159,150,129,134.2,101,107,104,90,108,102,-7.4,28.6,-32.19999999999999
NewYork,20,NA,40.91317406,-73.843813,11940,1.194,974,97,137,159,150,129,134.4,101,108,105,91,109,102.8,-7.4,28.7,-31.60000000000001
NewYork,21,NA,40.90569091,-73.845136,12006,1.2006000000000001,967,97,136,158,149,128,133.6,101,108,105,91,109,102.8,-7.3,28.7,-30.799999999999997
NewYork,22,NA,40.89962834,-73.86090244,11931,1.1931,968,97,136,158,149,128,133.6,100,107,105,90,109,102.2,-7.1,28.7,-31.39999999999999
NewYork,23,NA,40.89145647,-73.8636153,11948,1.1948,965,97,136,157,148,128,133.2,101,108,106,91,109,103,-7.1,28.7,-30.19999999999999
NewYork,24,NA,40.88470622,-73.86632708,11948,1.1948,965,97,136,157,148,128,133.2,101,108,106,91,109,103,-7.1,28.7,-30.19999999999999
NewYork,25,NA,40.87018885,-73.87557481,11896,1.1896,965,97,136,157,148,128,133.2,100,108,107,91,109,103,-6.9,28.7,-30.19999999999999
NewYork,26,NA,40.86567493,-73.89644558,11979,1.1979,960,96,135,157,147,127,132.4,102,109,109,93,111,104.8,-6.7,28.7,-27.60000000000001
NewYork,27,NA,40.85026895,-73.90124423,11914,1.1914,961,96,136,156,147,127,132.4,102,109,110,93,111,105,-6.7,28.7,-27.400000000000006
NewYork,28,NA,40.84161268,-73.90571903,11858,1.1858,958,97,135,156,146,126,132,101,108,110,92,110,104.2,-6.6,28.8,-27.799999999999997
NewYork,29,NA,40.8341159,-73.92268777,11885,1.1885000000000001,960,96,135,157,147,127,132.4,102,108,111,93,111,105,-6.5,28.7,-27.400000000000006
NewYork,30,NA,40.82864985,-73.92304326,11916,1.1916,955,96,134,156,146,126,131.6,101,108,111,92,110,104.4,-6.4,28.7,-27.19999999999999
NewYork,31,NA,40.82173173,-73.92680239,11770,1.177,960,96,135,157,147,126,132.2,101,108,111,92,110,104.4,-6.3,28.8,-27.799999999999983
NewYork,32,NA,40.82362801,-73.94303319,11918,1.1918,959,96,135,156,147,127,132.2,103,108,112,93,111,105.4,-6.2,28.6,-26.799999999999983
NewYork,33,NA,40.81715555,-73.94882695,11918,1.1918,959,96,135,156,147,127,132.2,103,108,112,93,111,105.4,-6.2,28.6,-26.799999999999983
NewYork,34,NA,40.8096206,-73.95556276,11895,1.1895,960,96,135,157,147,127,132.4,103,108,112,93,112,105.6,-6,28.7,-26.80000000000001
NewYork,35,NA,40.80236679,-73.96060215,12041,1.2041,955,96,135,155,147,126,131.8,104,109,113,93,113,106.4,-6.1,28.6,-25.400000000000006
NewYork,36,NA,40.77152578,-73.97473281,12037,1.2037,952,95,134,155,146,126,131.2,103,109,114,93,112,106.2,-5.8,28.5,-24.999999999999986
NewYork,37,NA,41.120385,-73.74837,12676,1.2676,975,97,138,160,151,130,135.2,113,109,107,100,117,109.2,-9,27.4,-25.999999999999986
NewYork,38,NA,41.1183575,-73.75784761,12744,1.2744,973,97,138,160,150,130,135,113,109,108,100,117,109.4,-9.1,27.3,-25.599999999999994
NewYork,39,NA,41.11609106,-73.77070774,12684,1.2684,976,98,138,161,151,130,135.6,112,109,108,100,117,109.2,-9.1,27.6,-26.39999999999999
NewYork,40,NA,41.10651726,-73.77717571,12591,1.2591,980,98,139,161,152,131,136.2,112,109,107,99,117,108.8,-9,27.7,-27.39999999999999
NewYork,41,NA,41.09847354,-73.77745049,12650,1.2650000000000001,977,98,138,161,151,130,135.6,111,109,107,99,116,108.4,-9,27.8,-27.19999999999999
NewYork,42,NA,41.08746602,-73.77521785,12456,1.2456,985,98,140,162,153,131,136.8,110,108,106,98,115,107.4,-8.9,27.9,-29.400000000000006
NewYork,43,NA,41.07399204,-73.77642053,12494,1.2494,982,98,139,161,152,131,136.2,110,108,105,97,115,107,-8.7,28,-29.19999999999999
NewYork,44,NA,41.12913964,-73.77950081,12236,1.2236,997,100,142,164,154,132,138.4,111,107,107,100,116,108.2,-9.2,28,-30.200000000000003
NewYork,45,NA,41.1384732,-73.77759914,12414,1.2414,990,99,141,162,154,132,137.6,113,108,108,100,117,109.2,-9.3,27.9,-28.39999999999999
NewYork,46,NA,41.14751187,-73.77691248,12510,1.2510000000000001,984,98,140,162,153,131,136.8,113,109,109,101,118,110,-9.3,27.9,-26.80000000000001
NewYork,47,NA,41.15595431,-73.77268194,12477,1.2477,985,98,140,162,153,131,136.8,113,108,109,101,118,109.8,-9.4,28,-27.000000000000014
NewYork,48,NA,41.15926012,-73.76484582,12622,1.2622,980,98,140,161,152,131,136.4,115,110,110,102,119,111.2,-9.5,27.8,-25.200000000000003
Montreal,1,NA,45.56934379,-74.07346078,11390,1.139,827,83,129,153,144,120,125.8,92,94,91,99,89,93,-17.9,24.4,-32.8
Montreal,2,NA,45.57299466,-74.05999561,11583,1.1583,821,83,128,152,142,119,124.8,93,95,92,100,88,93.6,-17.9,24.3,-31.200000000000003
Montreal,3,NA,45.57280085,-74.04900472,11478,1.1478000000000002,825,83,128,153,143,120,125.4,92,94,91,99,87,92.6,-17.7,24.3,-32.80000000000001
Montreal,4,NA,45.57247695,-74.03409156,11376,1.1376,828,83,129,153,144,120,125.8,91,94,90,98,87,92,-17.7,24.4,-33.8
Montreal,5,NA,45.57076844,-74.01950003,11349,1.1349,830,83,129,153,144,120,125.8,91,93,90,98,87,91.8,-17.7,24.4,-34
Montreal,6,NA,45.56966645,-74.00705677,11402,1.1402,827,83,129,153,143,120,125.6,94,92,90,97,87,92,-17.7,24.4,-33.599999999999994
Montreal,7,NA,45.56690086,-73.9932963,11400,1.1400000000000001,828,83,129,153,144,120,125.8,93,92,90,97,85,91.4,-17.7,24.4,-34.39999999999999
Montreal,8,NA,45.563098,-73.98162855,11335,1.1335,831,83,130,154,144,120,126.2,92,91,89,95,84,90.2,-17.4,24.4,-36
Montreal,9,NA,45.5630897,-73.97513111,11335,1.1335,831,83,130,154,144,120,126.2,92,91,89,95,84,90.2,-17.4,24.4,-36
Montreal,10,NA,45.56192835,-73.959911,11335,1.1335,831,83,129,153,144,121,126,92,91,89,94,85,90.2,-17.2,24.4,-35.8
Montreal,11,NA,45.56484695,-73.94591068,11347,1.1347,831,83,129,153,144,121,126,92,91,90,94,84,90.2,-16.8,24.3,-35.8
Montreal,12,NA,45.56669213,-73.93328349,11373,1.1373,830,83,130,153,144,120,126,91,91,91,95,85,90.6,-16.6,24.4,-35.400000000000006
Montreal,13,NA,45.56520644,-73.92067352,11346,1.1346,832,84,129,153,144,121,126.2,91,91,91,95,84,90.4,-16.2,24.5,-35.8
Montreal,14,NA,45.55990956,-73.91022974,11359,1.1359000000000001,831,84,129,153,144,120,126,92,92,92,95,84,91,-16.1,24.6,-35
Montreal,15,NA,45.5589571,-73.89738435,11373,1.1373,830,84,129,153,144,120,126,93,92,92,94,84,91,-16,24.6,-35
Montreal,16,NA,45.55711888,-73.88796409,11308,1.1308,833,84,129,153,145,121,126.4,92,92,91,93,83,90.2,-15.9,24.4,-36.2
Montreal,17,NA,45.55605498,-73.87914922,11308,1.1308,833,84,129,153,145,121,126.4,92,91,91,92,82,89.6,-15.9,24.4,-36.80000000000001
Montreal,18,NA,45.55025975,-73.86715871,11322,1.1322,832,84,129,154,144,121,126.4,93,91,91,92,82,89.8,-15.9,24.4,-36.60000000000001
Montreal,19,NA,45.55298773,-73.85521792,11371,1.1371,831,84,129,153,144,121,126.2,94,91,90,91,81,89.4,-15.9,24.4,-36.8
Montreal,20,NA,45.55708877,-73.84279249,11385,1.1385,830,84,129,153,144,120,126,94,91,89,90,81,89,-15.9,24.4,-37
Montreal,21,NA,45.56111544,-73.83193805,11407,1.1407,831,84,129,153,144,121,126.2,95,90,90,90,83,89.6,-16,24.5,-36.60000000000001
Montreal,22,NA,45.57088868,-73.82084163,11421,1.1421000000000001,830,84,129,153,144,120,126,94,91,89,91,83,89.6,-16.1,24.5,-36.400000000000006
Montreal,23,NA,45.5768736,-73.81061375,11471,1.1471,829,84,129,153,144,120,126,94,90,90,91,83,89.6,-16.1,24.5,-36.400000000000006
Montreal,24,NA,45.57929998,-73.79797889,11519,1.1519000000000001,829,84,129,153,143,121,126,95,91,91,92,84,90.6,-16.1,24.7,-35.400000000000006
Montreal,25,NA,45.58005914,-73.78471804,11531,1.1531,829,84,129,153,143,121,126,96,91,91,91,84,90.6,-16.1,24.8,-35.400000000000006
Montreal,26,NA,45.58452609,-73.77195527,11544,1.1544,829,84,129,153,144,121,126.2,95,92,92,92,84,91,-16.1,25,-35.2
Montreal,27,NA,45.591169,-73.760746,11528,1.1528,831,84,129,153,145,121,126.4,95,92,92,92,85,91.2,-16.1,25.2,-35.2
Montreal,28,NA,45.5975484,-73.7511447,11554,1.1554,830,84,129,153,144,121,126.2,95,91,90,90,85,90.2,-16.2,25.2,-36
Montreal,29,NA,45.59008612,-73.74237381,11540,1.1540000000000001,831,84,129,153,145,121,126.4,96,93,92,93,85,91.8,-16.1,25.4,-34.60000000000001
Montreal,30,NA,45.58148718,-73.73368955,11526,1.1526,832,84,129,154,145,121,126.6,95,93,93,93,85,91.8,-16.1,25.5,-34.8
Montreal,31,NA,45.57366826,-73.72334944,11510,1.151,834,84,130,154,145,121,126.8,95,93,92,91,84,91,-15.9,25.6,-35.8
Montreal,32,NA,45.56484318,-73.71801446,11524,1.1524,833,84,129,154,145,121,126.6,95,93,92,91,85,91.2,-15.8,25.6,-35.39999999999999
Montreal,33,NA,45.55740048,-73.71112005,11500,1.1500000000000001,833,85,129,154,144,121,126.6,94,92,91,89,83,89.8,-15.7,25.5,-36.8
Montreal,34,NA,45.55547376,-73.70115907,11512,1.1512,833,85,129,154,144,121,126.6,94,92,91,90,84,90.2,-15.6,25.5,-36.39999999999999
Montreal,35,NA,45.55865662,-73.69099976,11483,1.1483,836,85,129,154,145,122,127,95,92,92,91,84,90.8,-15.6,25.5,-36.2
Montreal,36,NA,45.55972836,-73.68374907,11483,1.1483,836,85,129,154,145,122,127,95,92,92,91,84,90.8,-15.6,25.5,-36.2
Montreal,37,NA,45.55584406,-73.67163401,11428,1.1428,840,85,130,155,146,122,127.6,NA,NA,NA,NA,NA,NaN,NA,NA,NaN
Montreal,38,NA,45.54825675,-73.66626104,11505,1.1505,837,84,129,155,145,122,127,96,91,92,88,82,89.8,-15.5,25.5,-37.2
Montreal,39,NA,45.54562383,-73.65374077,11563,1.1563,838,84,130,155,145,122,127.2,96,92,93,89,83,90.6,-15.5,25.4,-36.60000000000001
Montreal,40,NA,45.54191955,-73.64210049,11599,1.1599000000000002,838,84,130,155,145,122,127.2,98,92,93,90,83,91.2,-15.4,25.4,-36
Montreal,41,NA,45.53829045,-73.63107955,11712,1.1712,835,84,129,155,145,122,127,99,94,95,92,85,93,-15.5,25.4,-34
Montreal,42,NA,45.53274055,-73.61706341,11738,1.1738,834,84,129,155,145,121,126.8,100,94,95,92,85,93.2,-15.5,25.4,-33.599999999999994
Montreal,43,NA,45.53113143,-73.61174832,11786,1.1786,834,84,129,155,145,121,126.8,100,94,95,93,85,93.4,-15.5,25.4,-33.39999999999999
Montreal,44,NA,45.52464489,-73.60023997,11832,1.1832,835,84,129,155,145,122,127,100,96,95,93,84,93.6,-15.5,25.4,-33.400000000000006
Montreal,45,NA,45.52405024,-73.59301114,11842,1.1842000000000001,836,84,129,155,145,122,127,100,96,95,93,84,93.6,-15.4,25.3,-33.400000000000006
Montreal,46,NA,45.51683772,-73.58796468,11804,1.1804000000000001,837,84,130,156,145,121,127.2,101,95,95,94,85,94,-15.4,25.4,-33.2
Montreal,47,NA,45.51337348,-73.57488351,11648,1.1648,843,85,130,156,146,122,127.8,99,95,95,93,85,93.4,-15.3,25.4,-34.39999999999999
Montreal,48,NA,45.51036096,-73.56700523,11648,1.1648,843,85,130,156,146,122,127.8,99,95,95,93,85,93.4,-15.3,25.4,-34.39999999999999
Montreal,49,NA,45.5062501,-73.55201193,11499,1.1499000000000001,847,85,131,157,147,123,128.6,98,94,94,91,83,92,-15.1,25.4,-36.599999999999994
Boston,1,NA,41.96177446,-71.06764441,12143,1.2143000000000002,975,98,139,162,152,129,136,99,102,91,88,94,94.8,-8.3,27,-41.2
Boston,2,NA,41.97083412,-71.06759442,12135,1.2135,974,98,139,162,152,129,136,99,102,91,88,94,94.8,-8.3,26.9,-41.2
Boston,3,NA,41.97808151,-71.06965929,12114,1.2114,974,98,139,162,152,129,136,99,101,90,88,93,94.2,-8.3,26.9,-41.8
Boston,4A,NA,41.98658649,-71.07023258,12104,1.2104000000000001,974,98,139,162,152,129,136,100,101,90,88,93,94.4,-8.4,26.9,-41.599999999999994
Boston,4B,NA,42.00014208,-71.06601195,12082,1.2082000000000002,975,98,139,162,152,129,136,99,102,90,88,93,94.4,-8.6,27.1,-41.599999999999994
Boston,5,NA,42.00624898,-71.06649104,12082,1.2082000000000002,975,98,139,162,152,129,136,99,102,90,88,93,94.4,-8.6,27.1,-41.599999999999994
Boston,6,NA,42.01394829,-71.06637044,12071,1.2071,975,97,139,162,152,129,135.8,99,102,90,88,93,94.4,-8.7,27.1,-41.400000000000006
Boston,7,NA,42.02501343,-71.06592721,12098,1.2098,972,97,138,162,152,129,135.6,98,102,90,89,93,94.4,-8.7,27.2,-41.19999999999999
Boston,8,NA,42.03395236,-71.07344811,12131,1.2131,971,97,139,162,151,129,135.6,98,102,90,89,93,94.4,-8.7,27.2,-41.19999999999999
Boston,9,NA,42.04041,-71.076877,12094,1.2094,974,98,139,163,152,129,136.2,98,102,90,89,93,94.4,-8.7,27.2,-41.79999999999998
Boston,10,NA,42.04813985,-71.08192856,12084,1.2084000000000001,974,97,139,163,152,129,136,98,102,90,89,93,94.4,-8.7,27.2,-41.599999999999994
Boston,11,NA,42.05979975,-71.08530435,12167,1.2167000000000001,969,97,139,162,151,129,135.6,97,101,89,89,92,93.6,-8.7,27.2,-42
Boston,12,NA,42.06695597,-71.08677296,12221,1.2221,968,97,138,162,151,129,135.4,97,101,89,89,92,93.6,-8.7,27.2,-41.80000000000001
Boston,13,NA,42.07592776,-71.08743943,12246,1.2246000000000001,966,97,138,162,151,128,135.2,97,101,89,89,92,93.6,-8.7,27.2,-41.599999999999994
Boston,14,NA,42.0838662,-71.09010149,12271,1.2271,964,97,138,161,150,128,134.8,97,101,89,89,92,93.6,-8.7,27.1,-41.20000000000002
Boston,15,NA,42.09411309,-71.09412971,12236,1.2236,966,97,138,162,151,128,135.2,96,101,89,89,92,93.4,-8.8,27.1,-41.79999999999998
Boston,16,NA,42.10666515,-71.09907956,12305,1.2305000000000001,963,97,138,161,150,128,134.8,97,102,89,89,92,93.8,-8.8,27.1,-41.000000000000014
Boston,17,NA,42.1150072,-71.09925157,12343,1.2343,960,96,138,161,150,128,134.6,97,102,89,90,92,94,-8.8,27.1,-40.599999999999994
Boston,18,NA,42.12453844,-71.10145155,12330,1.233,961,97,138,161,150,128,134.8,97,102,89,90,92,94,-8.8,27.1,-40.80000000000001
Boston,19,NA,42.13378868,-71.10065041,12343,1.2343,960,96,138,161,150,128,134.6,96,102,88,90,92,93.6,-8.9,27.1,-41
Boston,20,NA,42.14549385,-71.10570696,12270,1.227,960,96,137,162,150,127,134.4,96,101,88,89,91,93,-8.9,27,-41.400000000000006
Boston,21,NA,42.15470042,-71.10703975,12201,1.2201,963,97,138,161,151,128,135,96,100,88,89,91,92.8,-8.9,27,-42.2
Boston,22,NA,42.16488211,-71.11018295,12170,1.217,963,97,138,161,151,128,135,95,100,87,89,90,92.2,-8.9,27,-42.8
Boston,23,NA,42.17685436,-71.10997445,12172,1.2172,962,97,138,161,150,128,134.8,95,100,87,89,90,92.2,-8.8,27.1,-42.60000000000001
Boston,24,NA,42.18623442,-71.11667148,12026,1.2026000000000001,967,97,139,162,151,129,135.6,94,99,86,88,89,91.2,-8.8,27.2,-44.39999999999999
Boston,25,NA,42.19821324,-71.11953732,12162,1.2162,962,97,138,161,150,128,134.8,94,99,87,88,90,91.6,-8.8,27.2,-43.20000000000002
Boston,26,NA,42.20803485,-71.12078059,12197,1.2197,960,97,137,161,151,128,134.8,94,99,87,89,89,91.6,-8.8,27.1,-43.20000000000002
Boston,27,NA,42.21830331,-71.11921855,12233,1.2233,958,96,137,161,150,128,134.4,94,98,87,89,89,91.4,-8.9,27.1,-43
Boston,28,NA,42.23645255,-71.10782045,12083,1.2083000000000002,960,96,137,162,151,128,134.8,94,97,85,88,88,90.4,-8.7,27.1,-44.400000000000006
Boston,29,NA,42.24574783,-71.09323328,11863,1.1863000000000001,966,97,138,162,151,129,135.4,93,95,84,87,87,89.2,-8.6,27.2,-46.2
Boston,30,NA,42.25537927,-71.09283653,11877,1.1877,964,97,138,162,151,128,135.2,92,95,84,87,87,89,-8.6,27.3,-46.19999999999999
Boston,31,NA,42.26543666,-71.09406738,11790,1.179,966,97,138,162,151,129,135.4,92,95,84,88,87,89.2,-8.6,27.1,-46.2
Boston,32,NA,42.27421249,-71.09511461,11827,1.1827,963,97,137,162,151,128,135,92,95,84,88,87,89.2,-8.6,26.9,-45.8
Boston,33,NA,42.28289146,-71.09071116,11887,1.1887,959,97,137,161,150,127,134.4,92,95,85,89,87,89.6,-8.5,27,-44.80000000000001
Boston,34,NA,42.29105089,-71.08691289,11854,1.1854,960,96,137,162,151,128,134.8,91,95,84,87,86,88.6,-8.5,27.5,-46.20000000000002
Boston,35,NA,42.30078072,-71.08603758,12046,1.2046000000000001,953,96,136,161,150,127,134,92,96,85,89,87,89.8,-8.6,27.8,-44.2
Boston,36,NA,42.31164802,-71.07984231,11905,1.1905000000000001,955,96,137,162,150,126,134.2,91,95,85,88,86,89,-8.7,27.9,-45.19999999999999
Boston,37,NA,42.31940313,-71.07189158,11842,1.1842000000000001,955,96,137,161,150,126,134,92,94,85,88,86,89,-8.7,27.9,-45
Boston,38,NA,42.32643556,-71.06998164,11736,1.1736,956,96,137,161,149,127,134,93,94,85,89,87,89.6,-8.8,28,-44.400000000000006
Boston,39,NA,42.33410354,-71.08142851,11710,1.171,959,97,137,162,151,126,134.6,91,93,84,88,86,88.4,-8.9,28.1,-46.19999999999999
Boston,40,NA,42.33896004,-71.07279536,11771,1.1771,954,96,137,161,149,126,133.8,92,93,84,88,86,88.6,-8.8,28,-45.20000000000002
Boston,41,NA,42.34363291,-71.06662158,11750,1.175,954,96,137,161,149,126,133.8,91,92,83,87,85,87.6,-8.6,28,-46.20000000000002
Boston,42,NA,42.35371708,-71.06504482,11875,1.1875,949,96,136,160,149,125,133.2,91,92,82,87,85,87.4,-8.7,27.9,-45.79999999999998
Boston,43,NA,42.36178484,-71.05943928,11856,1.1856,948,96,136,160,148,125,133,91,92,83,87,85,87.6,-8.7,28,-45.400000000000006
