City,Population,Transect,Lat.pop,Long.pop,MWT,MST
Tampa,1,NA,28.324528999999998,-82.357619000000000,9.00000,33.90000
Tampa,2,NA,28.193446000000002,-82.637518000000000,9.70000,34.00000
Tampa,3,NA,28.084311000000000,-82.503479999999996,10.30000,33.60000
Tampa,4,NA,27.970340000000000,-82.460203000000007,11.00000,33.80000
Tampa,5,NA,27.945929000000000,-82.463866999999993,11.20000,33.70000
Tampa,6,NA,27.981413000000000,-82.386319999999998,10.70000,33.90000
Tampa,7,NA,27.990293000000001,-82.239326000000005,10.00000,34.00000
Tampa,8,NA,27.993017999999999,-82.224684999999994,9.90000,34.00000
Tampa,9,NA,27.996721999999998,-82.210448999999997,9.80000,34.00000
Tampa,10,NA,28.006086000000000,-82.174233999999998,9.80000,33.90000
Tampa,11,NA,28.009763000000000,-82.163741999999999,9.90000,34.00000
Tampa,12,NA,28.018260999999999,-82.105072000000007,9.90000,33.90000
Tampa,13,NA,28.020768000000000,-82.092934000000000,9.90000,33.90000
Tampa,14,NA,28.035471999999999,-82.017525000000006,9.90000,33.90000
Tampa,15,NA,28.039306000000000,-82.002795000000006,10.00000,33.90000
Jacksonville,1,NA,30.332625000000000,-81.652426000000006,6.80000,33.60000
Jacksonville,2,NA,30.332602000000001,-81.652372000000000,6.80000,33.60000
Jacksonville,3,NA,30.338130000000000,-81.657719000000000,6.80000,33.80000
Jacksonville,4,NA,30.341833000000001,-81.660644000000005,6.80000,33.80000
Jacksonville,5,NA,30.343827999999998,-81.661720000000003,6.80000,33.80000
Jacksonville,6,NA,30.348720000000000,-81.662051000000005,6.80000,33.80000
Jacksonville,7,NA,30.365468000000000,-81.643350999999996,6.70000,33.60000
Jacksonville,8,NA,30.372029000000001,-81.640096999999997,6.60000,33.50000
Jacksonville,9,NA,30.387416000000002,-81.650536000000002,6.60000,33.50000
Jacksonville,10,NA,30.389887999999999,-81.656746999999996,6.60000,33.50000
Jacksonville,11,NA,30.399336000000002,-81.647373000000002,6.50000,33.60000
Jacksonville,12,NA,30.410342000000000,-81.650317000000001,6.50000,33.70000
Jacksonville,13,NA,30.441438000000002,-81.639932000000002,6.50000,33.70000
Jacksonville,14,NA,30.442688000000000,-81.607167000000004,6.50000,33.70000
Jacksonville,15,NA,30.457001999999999,-81.605688999999998,6.50000,33.60000
Jacksonville,16,NA,30.459416999999998,-81.619352000000006,6.60000,33.60000
Jacksonville,17,NA,30.466100000000001,-81.621807000000004,6.60000,33.60000
Jacksonville,18,NA,30.478216000000000,-81.610134000000002,6.60000,33.50000
Jacksonville,19,NA,30.484003999999999,-81.596670000000003,6.70000,33.50000
Jacksonville,20,NA,30.499397999999999,-81.587485000000001,6.80000,33.50000
Jacksonville,21,NA,30.518747000000001,-81.589613000000000,6.80000,33.40000
Jacksonville,22,NA,30.629104000000002,-81.570130000000006,6.70000,33.10000
Jacksonville,23,NA,30.626030000000000,-81.548181000000000,6.60000,33.10000
Jacksonville,24,NA,30.591774000000001,-81.525783000000004,6.30000,33.60000
Jacksonville,25,NA,30.596473000000000,-81.516146000000006,6.30000,33.30000
Jacksonville,26,NA,30.606432000000002,-81.516968000000006,6.30000,33.50000
Jacksonville,27,NA,30.617977000000000,-81.515085999999997,6.30000,33.50000
Jacksonville,28,NA,30.643744999999999,-81.529801000000006,6.40000,33.50000
Jacksonville,29,NA,30.640010000000000,-81.545267999999993,6.60000,33.10000
Jacksonville,30,NA,30.641822000000001,-81.612741000000000,6.10000,33.50000
Jacksonville,31,NA,30.650935000000000,-81.623743000000005,5.90000,33.60000
Jacksonville,32,NA,30.658639000000001,-81.631185000000002,5.80000,33.60000
Jacksonville,33,NA,30.668565000000001,-81.638954999999996,5.70000,33.60000
Jacksonville,34,NA,30.684526000000002,-81.651167999999998,5.60000,33.70000
Jacksonville,35,NA,30.696097999999999,-81.659974000000005,5.60000,33.70000
Atlanta,1,NA,33.580934999999997,-84.690674000000001,-1.20000,32.60000
Atlanta,2,NA,33.578665000000001,-84.680070999999998,-1.20000,32.50000
Atlanta,3,NA,33.575252999999996,-84.671088999999995,-1.20000,32.50000
Atlanta,4,NA,33.572524000000001,-84.662848999999994,-1.20000,32.50000
Atlanta,5,NA,33.572718999999999,-84.651049000000000,-1.20000,32.50000
Atlanta,6,NA,33.571767999999999,-84.638090000000005,-1.10000,32.50000
Atlanta,7,NA,33.575296000000002,-84.630425000000002,-1.10000,32.40000
Atlanta,8,NA,33.573607000000003,-84.619066000000004,-1.10000,32.40000
Atlanta,9,NA,33.574739000000001,-84.609136000000007,-1.00000,32.40000
Atlanta,10,NA,33.574917999999997,-84.598910000000004,-0.90000,32.40000
Atlanta,11,NA,33.568860000000001,-84.584804000000005,-0.90000,32.40000
Atlanta,12,NA,33.569994999999999,-84.574178000000003,-0.80000,32.40000
Atlanta,13,NA,33.576850000000000,-84.559421000000000,-0.80000,32.30000
Atlanta,14,NA,33.583024000000002,-84.549447000000001,-0.70000,32.40000
Atlanta,15,NA,33.595387000000002,-84.546820999999994,-0.80000,32.40000
Atlanta,16,NA,33.604207000000002,-84.537996000000007,-0.80000,32.40000
Atlanta,17,NA,33.607253999999998,-84.529741999999999,-0.80000,32.40000
Atlanta,18,NA,33.611845000000002,-84.519007000000002,-0.80000,32.40000
Atlanta,19,NA,33.619171999999999,-84.510247000000007,-0.70000,32.30000
Atlanta,20,NA,33.620711999999997,-84.503996999999998,-0.60000,32.30000
Atlanta,21,NA,33.622625999999997,-84.488883999999999,-0.40000,32.30000
Atlanta,22,NA,33.624875000000003,-84.477394000000004,-0.30000,32.30000
Atlanta,23,NA,33.632218000000002,-84.468451999999999,-0.10000,32.30000
Atlanta,24,NA,33.641731999999998,-84.467682999999994,0.00000,32.30000
Atlanta,25,NA,33.651933999999997,-84.470665999999994,0.00000,32.40000
Atlanta,26,NA,33.660549000000003,-84.468862000000001,0.00000,32.30000
Atlanta,27,NA,33.666758999999999,-84.465385999999995,0.00000,32.20000
Atlanta,28,NA,33.671273999999997,-84.460025000000002,0.00000,32.20000
Atlanta,29,NA,33.675384000000001,-84.448907000000005,0.10000,32.20000
Atlanta,30,NA,33.680742000000002,-84.440582000000006,0.10000,32.20000
Atlanta,31,NA,33.696143999999997,-84.432528000000005,0.10000,32.10000
Atlanta,32,NA,33.717523000000000,-84.427055999999993,-0.10000,32.00000
Atlanta,33,NA,33.731223000000000,-84.419372999999993,0.00000,32.10000
Atlanta,34,NA,33.744458000000002,-84.417923000000002,0.00000,32.10000
Atlanta,35,NA,33.737150000000000,-84.403284999999997,0.00000,32.20000
Atlanta,36,NA,33.740698000000002,-84.393073999999999,0.00000,32.30000
Atlanta,37,NA,33.747999999999998,-84.390478999999999,0.00000,32.30000
Atlanta,38,NA,33.754412000000002,-84.385007999999999,0.00000,32.10000
Atlanta,39,NA,33.760478999999997,-84.381855000000002,0.10000,32.30000
Atlanta,40,NA,33.766849000000001,-84.385062000000005,0.00000,32.20000
Atlanta,41,NA,33.768616000000002,-84.382137999999998,0.00000,32.30000
Atlanta,42,NA,33.770817999999998,-84.376497000000001,0.00000,32.30000
Atlanta,43,NA,33.769179999999999,-84.363642999999996,0.00000,32.40000
Atlanta,44,NA,33.770606000000001,-84.357176999999993,0.00000,32.20000
Atlanta,45,NA,33.772432000000002,-84.350374000000002,0.00000,32.20000
Charlotte,1,NA,35.211202999999998,-80.866152000000000,-1.50000,32.30000
Charlotte,2,NA,35.215639000000003,-80.857093000000006,-1.50000,32.30000
Charlotte,3,NA,35.220334000000001,-80.851472999999999,-1.50000,32.30000
Charlotte,4,NA,35.225256000000002,-80.837693000000002,-1.50000,32.30000
Charlotte,5,NA,35.230693000000002,-80.842917999999997,-1.50000,32.20000
Charlotte,6,NA,35.234377000000002,-80.845950999999999,-1.50000,32.30000
Charlotte,7,NA,35.227885999999998,-80.850384000000005,-1.50000,32.40000
Charlotte,8,NA,35.229360000000000,-80.842314000000002,-1.50000,32.20000
Charlotte,9,NA,35.240147999999998,-80.855940000000004,-1.50000,32.40000
Charlotte,10,NA,35.244373000000003,-80.863389999999995,-1.60000,32.30000
Charlotte,11,NA,35.250673999999997,-80.870014999999995,-1.60000,32.40000
Charlotte,12,NA,35.258284000000003,-80.877584999999996,-1.60000,32.30000
Charlotte,13,NA,35.265116999999996,-80.883306000000005,-1.60000,32.30000
Charlotte,14,NA,35.273859999999999,-80.890795999999995,-1.60000,32.20000
Charlotte,15,NA,35.280285999999997,-80.902495000000002,-1.60000,32.10000
Charlotte,16,NA,35.281323999999998,-80.913456999999994,-1.60000,32.10000
Charlotte,17,NA,35.286743000000001,-80.922736999999998,-1.70000,32.20000
Charlotte,18,NA,35.293627999999998,-80.930695000000000,-1.80000,32.40000
Charlotte,19,NA,35.302275000000002,-80.936493999999996,-1.90000,32.50000
Charlotte,20,NA,35.316910999999998,-80.943556000000001,-2.00000,32.50000
Charlotte,21,NA,35.320359000000003,-80.952382000000000,-2.00000,32.50000
Charlotte,22,NA,35.331404999999997,-80.958572000000004,-2.00000,32.50000
Charlotte,23,NA,35.344875999999999,-80.967433999999997,-2.00000,32.50000
Charlotte,24,NA,35.357992000000003,-80.989697000000007,-2.20000,32.40000
Charlotte,25,NA,35.364888999999998,-80.997855999999999,-2.30000,32.50000
Charlotte,26,NA,35.376333000000002,-81.003551999999999,-2.40000,32.50000
Charlotte,27,NA,35.387481000000001,-81.009826000000004,-2.50000,32.50000
Charlotte,28,NA,35.399819000000001,-81.008975000000007,-2.50000,32.50000
Charlotte,29,NA,35.416454000000002,-81.010610999999997,-2.60000,32.60000
Charlotte,30,NA,35.429988999999999,-81.011184999999998,-2.60000,32.60000
Charlotte,31,NA,35.443641999999997,-80.997709999999998,-2.60000,32.40000
Charlotte,32,NA,35.462018000000000,-80.992411000000004,-2.60000,32.30000
Charlotte,33,NA,35.475416000000003,-81.001209000000003,-2.70000,32.40000
Charlotte,34,NA,35.488836999999997,-81.018643999999995,-2.70000,32.40000
Charlotte,35,NA,35.496606999999997,-81.019761000000003,-2.70000,32.30000
Charlotte,36,NA,35.498083000000001,-81.043424999999999,-2.80000,32.40000
Charlotte,37,NA,35.503154000000002,-81.050910000000002,-2.90000,32.30000
Charlotte,38,NA,35.515315999999999,-81.059032999999999,-2.90000,32.20000
Charlotte,39,NA,35.525837000000003,-81.058781999999994,-2.80000,32.10000
Charlotte,40,NA,35.538963000000003,-81.065686999999997,-2.80000,32.00000
Norfolk,1,NA,36.525734000000000,-76.249270999999993,-1.00000,32.30000
Norfolk,2,NA,36.533611000000001,-76.250144000000006,-1.00000,32.30000
Norfolk,3,NA,36.547404000000000,-76.242497999999998,-0.90000,32.30000
Norfolk,4,NA,36.551476999999998,-76.231768000000002,-0.90000,32.20000
Norfolk,5,NA,36.559063000000002,-76.227748000000005,-0.90000,32.20000
Norfolk,6,NA,36.559572000000003,-76.215361999999999,-0.90000,32.20000
Norfolk,7,NA,36.561526999999998,-76.201243000000005,-0.90000,32.20000
Norfolk,8,NA,36.575296999999999,-76.200137999999995,-0.80000,32.30000
Norfolk,9,NA,36.587978999999997,-76.205731999999998,-0.90000,32.20000
Norfolk,10,NA,36.598354000000000,-76.209854000000007,-0.90000,32.20000
Norfolk,11,NA,36.605777000000003,-76.210656000000000,-0.90000,32.20000
Norfolk,12,NA,36.619210000000002,-76.211040999999994,-0.90000,32.20000
Norfolk,13,NA,36.631025000000001,-76.208697999999998,-0.90000,32.20000
Norfolk,14,NA,36.644722000000002,-76.216358999999997,-0.80000,32.10000
Norfolk,15,NA,36.654204999999997,-76.223185999999998,-0.80000,32.00000
Norfolk,16,NA,36.666569000000003,-76.226393000000002,-0.70000,31.90000
Norfolk,17,NA,36.675113000000003,-76.226348999999999,-0.60000,31.80000
Norfolk,18,NA,36.686554999999998,-76.229693999999995,-0.60000,31.80000
Norfolk,19,NA,36.697414000000002,-76.232787999999999,-0.60000,31.70000
Norfolk,20,NA,36.706203000000002,-76.235476000000006,-0.50000,31.60000
Norfolk,21,NA,36.715957000000003,-76.238298999999998,-0.50000,31.60000
Norfolk,22,NA,36.725735000000000,-76.242221000000001,-0.50000,31.50000
Norfolk,23,NA,36.739235000000001,-76.241467000000000,-0.50000,31.50000
Norfolk,24,NA,36.750321000000000,-76.245681000000005,-0.60000,31.40000
Norfolk,25,NA,36.758378999999998,-76.248450000000005,-0.70000,31.40000
Norfolk,26,NA,36.768737000000002,-76.251938999999993,-0.60000,31.40000
Norfolk,27,NA,36.785235000000000,-76.258458000000005,-0.70000,31.40000
Norfolk,28,NA,36.793588000000000,-76.260703000000007,-0.70000,31.30000
Norfolk,29,NA,36.804583000000001,-76.262898000000007,-0.70000,31.30000
Norfolk,30,NA,36.813868999999997,-76.263465999999994,-0.70000,31.30000
Norfolk,31,NA,36.828899000000000,-76.260808999999995,-0.60000,31.30000
Norfolk,32,NA,36.835780000000000,-76.263064999999997,-0.60000,31.30000
Norfolk,33,NA,36.847040999999997,-76.271874999999994,-0.60000,31.20000
Norfolk,34,NA,36.853597999999998,-76.278857000000002,-0.60000,31.20000
Norfolk,35,NA,36.852333999999999,-76.285657000000000,-0.60000,31.20000
Norfolk,36,NA,36.846924000000001,-76.285781000000000,-0.70000,31.20000
Norfolk,37,NA,36.846860999999997,-76.294678000000005,,
Norfolk,38,NA,36.843603000000002,-76.288229000000001,-0.70000,31.20000
Norfolk,39,NA,36.849063000000001,-76.290701999999996,-0.70000,31.20000
Norfolk,40,NA,36.860801000000002,-76.285964000000007,-0.60000,31.20000
Washington D.C.,1,NA,39.250695000000000,-77.380206999999999,-6.40000,30.10000
Washington D.C.,2,NA,39.250062000000000,-77.368610000000004,-6.40000,30.20000
Washington D.C.,3,NA,39.247967000000003,-77.357547999999994,-6.50000,30.00000
Washington D.C.,4,NA,39.244985000000000,-77.340939000000006,-6.50000,30.00000
Washington D.C.,5,NA,39.242637999999999,-77.322113999999999,-6.50000,29.90000
Washington D.C.,6,NA,39.231935000000000,-77.329001000000005,-6.50000,29.90000
Washington D.C.,7,NA,39.218401000000000,-77.331079000000003,-6.40000,30.00000
Washington D.C.,8,NA,39.200333999999998,-77.326746000000000,-6.30000,30.00000
Washington D.C.,9,NA,39.193238999999998,-77.334807999999995,-6.30000,30.10000
Washington D.C.,10,NA,39.181441000000000,-77.352940000000004,-6.30000,30.40000
Washington D.C.,11,NA,39.137957000000000,-77.355568000000005,-6.40000,30.60000
Washington D.C.,12,NA,39.128379000000002,-77.341538999999997,-6.20000,30.90000
Washington D.C.,13,NA,39.124470000000002,-77.323035000000004,-6.10000,30.60000
Washington D.C.,14,NA,39.101590999999999,-77.294314000000000,-6.00000,30.40000
Washington D.C.,15,NA,39.085934000000002,-77.297882999999999,-5.90000,30.50000
Washington D.C.,16,NA,39.068702999999999,-77.283129000000002,-5.80000,30.60000
Washington D.C.,17,NA,39.057231999999999,-77.277096000000000,-5.70000,30.60000
Washington D.C.,18,NA,39.046956999999999,-77.264214999999993,-5.60000,30.70000
Washington D.C.,19,NA,39.039745000000003,-77.249769999999998,-5.60000,30.60000
Washington D.C.,20,NA,39.027262999999998,-77.231706000000003,-5.50000,30.40000
Washington D.C.,21,NA,39.024098000000002,-77.218691000000007,-5.50000,30.30000
Washington D.C.,22,NA,39.004835000000000,-77.188111000000006,-5.50000,30.60000
Washington D.C.,23,NA,38.996606000000000,-77.169562999999997,-5.40000,30.60000
Washington D.C.,24,NA,38.992792000000001,-77.162233999999998,-5.40000,30.70000
Washington D.C.,25,NA,38.989773999999997,-77.152913999999996,-5.30000,30.70000
Washington D.C.,26,NA,38.982621999999999,-77.136979999999994,-5.30000,30.30000
Washington D.C.,27,NA,38.975341999999998,-77.126108000000002,-5.30000,30.20000
Washington D.C.,28,NA,38.969817999999997,-77.116409000000004,-5.20000,30.20000
Washington D.C.,29,NA,38.964793999999998,-77.104459000000006,-5.20000,30.30000
Washington D.C.,30,NA,38.958191999999997,-77.097221000000005,-5.10000,30.30000
Washington D.C.,31,NA,38.952649999999998,-77.085875000000001,-5.20000,30.10000
Washington D.C.,32,NA,38.946952000000003,-77.079211000000001,-5.20000,29.90000
Washington D.C.,33,NA,38.934866999999997,-77.074224999999998,-5.10000,30.00000
Washington D.C.,34,NA,38.927382000000001,-77.072053999999994,-5.10000,30.00000
Washington D.C.,35,NA,38.920290000000001,-77.063710000000000,-5.00000,30.30000
Washington D.C.,36,NA,38.914729999999999,-77.054288999999997,-4.90000,30.60000
Washington D.C.,37,NA,38.910412000000001,-77.045801999999995,-4.90000,30.50000
Washington D.C.,38,NA,38.901136000000001,-77.039345999999995,-4.90000,30.50000
Washington D.C.,39,NA,38.895159999999997,-77.039508999999995,-4.80000,30.60000
Washington D.C.,40,NA,38.895116000000002,-77.036635000000004,-4.80000,30.60000
Washington D.C.,41,NA,38.890811999999997,-77.034773999999999,-4.70000,30.70000
Washington D.C.,42,NA,38.879933000000001,-77.036035999999996,-4.70000,30.70000
Washington D.C.,43,NA,38.890720999999999,-77.049071999999995,-4.80000,30.70000
Washington D.C.,44,NA,38.889206999999999,-77.012557999999999,-4.60000,30.50000
Washington D.C.,45,NA,38.885553999999999,-77.000068999999996,-4.60000,30.40000
Baltimore,1,NA,39.279465999999999,-76.622551999999999,-5.10000,30.50000
Baltimore,2,NA,39.286326000000003,-76.618277000000006,-5.20000,30.40000
Baltimore,3,NA,39.289808000000001,-76.607076000000006,-5.10000,30.50000
Baltimore,4,NA,39.292155999999999,-76.603251000000000,-5.10000,30.50000
Baltimore,5,NA,39.291522000000001,-76.618313000000001,-5.20000,30.40000
Baltimore,6,NA,39.301304000000002,-76.618487999999999,-5.20000,30.30000
Baltimore,7,NA,39.295251000000000,-76.628517000000002,-5.30000,30.40000
Baltimore,8,NA,39.305647999999998,-76.637120999999993,-5.40000,30.20000
Baltimore,9,NA,39.315949000000003,-76.641026999999994,-5.40000,30.10000
Baltimore,10,NA,39.322485000000000,-76.649460000000005,-5.50000,29.90000
Baltimore,11,NA,39.330882000000003,-76.654303999999996,-5.50000,29.90000
Baltimore,12,NA,39.338569999999997,-76.656841999999997,-5.60000,29.80000
Baltimore,13,NA,39.490976000000003,-77.156538999999995,-7.40000,29.50000
Baltimore,14,NA,39.499079000000002,-77.143471000000005,-7.40000,29.40000
Baltimore,15,NA,39.506926999999997,-77.101084000000000,-7.40000,29.60000
Baltimore,16,NA,39.515312999999999,-77.068530999999993,-7.50000,29.30000
Baltimore,17,NA,39.516751999999997,-77.038730999999999,-7.50000,29.30000
Baltimore,18,NA,39.503056999999998,-77.025812999999999,-7.40000,29.50000
Baltimore,20,NA,39.494700999999999,-77.003873999999996,-7.40000,29.30000
Baltimore,21,NA,39.485309999999998,-76.989375999999993,-7.30000,29.50000
Baltimore,22,NA,39.488458000000001,-76.970971000000006,-7.30000,29.20000
Baltimore,23,NA,39.480905000000000,-76.954725999999994,-7.20000,29.40000
Baltimore,24,NA,39.468333999999999,-76.939070000000001,-7.20000,29.60000
Baltimore,25,NA,39.469510999999997,-76.901660000000007,-7.00000,29.80000
Baltimore,26,NA,39.448805999999998,-76.896653999999998,-6.80000,29.70000
Baltimore,27,NA,39.446347000000003,-76.872000999999997,-6.60000,29.50000
Baltimore,28,NA,39.449091000000003,-76.848110000000005,-6.70000,29.30000
Baltimore,29,NA,39.443285000000003,-76.819023000000001,-6.70000,29.30000
Baltimore,30,NA,39.438021999999997,-76.803219999999996,-6.70000,29.40000
Baltimore,31,NA,39.426723000000003,-76.789623000000006,-6.60000,29.60000
Baltimore,32,NA,39.417222000000002,-76.777595000000005,-6.50000,29.70000
Baltimore,33,NA,39.407863999999996,-76.763912000000005,-6.40000,29.80000
Baltimore,34,NA,39.396042000000001,-76.751058000000000,-6.30000,29.70000
Baltimore,35,NA,39.385845000000003,-76.736265000000003,-6.30000,29.60000
Baltimore,36,NA,39.374997000000000,-76.724808999999993,-6.10000,29.70000
Baltimore,37,NA,39.363630000000001,-76.712856000000002,-6.00000,29.70000
Baltimore,38,NA,39.352313000000002,-76.700422000000003,-5.90000,29.70000
Baltimore,39,NA,39.344289000000003,-76.685959999999994,-5.80000,29.60000
Baltimore,40,NA,39.339674000000002,-76.676276999999999,-5.70000,29.60000
Philadelphia,1,NA,39.932977999999999,-75.164772999999997,-5.50000,29.10000
Philadelphia,2,NA,39.941553999999996,-75.162128999999993,-5.60000,29.10000
Philadelphia,3,NA,39.955260000000003,-75.151687999999993,-5.70000,29.10000
Philadelphia,4,NA,39.949903999999997,-75.150505999999993,-5.60000,29.10000
Philadelphia,5,NA,39.949243000000003,-75.169072000000000,-5.70000,29.10000
Philadelphia,6,NA,39.957388999999999,-75.171800000000005,-5.80000,29.00000
Philadelphia,7,NA,39.950409000000001,-75.191502999999997,-5.80000,29.30000
Philadelphia,8,NA,39.954033000000003,-75.201998000000003,-5.80000,29.50000
Philadelphia,9,NA,39.956727000000001,-75.213348999999994,-5.90000,29.60000
Philadelphia,10,NA,39.953398999999997,-75.225836000000001,-5.90000,29.60000
Philadelphia,11,NA,39.958480999999999,-75.239425999999995,-5.90000,29.60000
Philadelphia,12,NA,39.955289999999998,-75.250163999999998,-5.90000,29.70000
Philadelphia,13,NA,40.143048000000000,-75.738781000000003,-7.90000,28.80000
Philadelphia,14,NA,40.143642000000000,-75.705376000000001,-7.60000,28.60000
Philadelphia,15,NA,40.130749999999999,-75.691884999999999,-7.60000,28.20000
Philadelphia,16,NA,40.125979000000001,-75.671953000000002,-7.50000,28.30000
Philadelphia,17,NA,40.114243000000002,-75.654741999999999,-7.60000,28.60000
Philadelphia,18,NA,40.094327000000000,-75.638174000000006,-7.60000,28.70000
Philadelphia,19,NA,40.087572999999999,-75.628752000000006,-7.50000,29.20000
Philadelphia,20,NA,40.082366999999998,-75.605694000000000,-7.50000,28.80000
Philadelphia,21,NA,40.082673000000000,-75.590158000000002,-7.40000,28.90000
Philadelphia,22,NA,40.073962999999999,-75.578706999999994,-7.40000,28.50000
Philadelphia,23,NA,40.074997000000003,-75.536513999999997,-7.10000,29.00000
Philadelphia,24,NA,40.055560000000000,-75.530382000000003,-7.00000,29.00000
Philadelphia,25,NA,40.040773999999999,-75.505626000000007,-7.10000,28.40000
Philadelphia,26,NA,40.040830999999997,-75.481984999999995,-7.00000,28.50000
Philadelphia,27,NA,40.030802000000001,-75.465261999999996,-7.00000,28.80000
Philadelphia,28,NA,40.021151000000003,-75.448348999999993,-7.00000,28.80000
Philadelphia,29,NA,40.007311999999999,-75.425707000000003,-7.10000,29.00000
Philadelphia,30,NA,39.988114000000003,-75.402261999999993,-6.70000,29.00000
Philadelphia,31,NA,39.983606999999999,-75.378320000000002,-6.50000,29.10000
Philadelphia,32,NA,39.980592000000001,-75.356671000000006,-6.40000,29.20000
Philadelphia,33,NA,39.978515000000002,-75.342252999999999,-6.30000,29.30000
Philadelphia,34,NA,39.974347000000002,-75.327230999999998,-6.20000,29.30000
Philadelphia,35,NA,39.971221999999997,-75.314631000000006,-6.20000,29.30000
Philadelphia,36,NA,39.969458000000003,-75.301171999999994,-6.10000,29.40000
Philadelphia,37,NA,39.967207999999999,-75.289142999999996,-6.10000,29.50000
Philadelphia,38,NA,39.964146000000000,-75.274529999999999,-6.00000,29.50000
Philadelphia,39,NA,39.962203000000002,-75.263447999999997,-6.00000,29.60000
Philadelphia,40,NA,39.962620999999999,-75.254544999999993,-5.90000,29.60000
Cleveland,1,NA,41.507303000000000,-81.695353999999995,-8.20000,26.40000
Cleveland,2,NA,41.497374999999998,-81.689261000000002,-8.40000,26.60000
Cleveland,3,NA,41.499057999999998,-81.680920000000000,-8.50000,26.70000
Cleveland,4,NA,41.505819000000002,-81.677189999999996,-8.40000,26.60000
Cleveland,5,NA,41.501416999999996,-81.667018999999996,-8.50000,26.60000
Cleveland,6,NA,41.501584000000001,-81.654977000000002,-8.60000,26.70000
Cleveland,7,NA,41.501469000000000,-81.645705000000007,-8.60000,26.80000
Cleveland,8,NA,41.501213000000000,-81.634997999999996,-8.70000,26.90000
Cleveland,9,NA,41.500976000000001,-81.614076999999995,-8.70000,26.90000
Cleveland,10,NA,41.499270000000003,-81.603691999999995,-8.80000,26.80000
Cleveland,11,NA,41.500653000000000,-81.591759999999994,-8.70000,26.70000
Cleveland,12,NA,41.500309000000001,-81.577957999999995,-8.80000,26.50000
Cleveland,13,NA,41.500757000000000,-81.564164000000005,-8.80000,26.30000
Cleveland,14,NA,41.500936000000003,-81.549245999999997,-8.90000,26.10000
Cleveland,15,NA,41.500926999999997,-81.531367000000003,-9.10000,26.00000
Cleveland,16,NA,41.501103000000001,-81.516846000000001,-9.20000,26.00000
Cleveland,17,NA,41.500337999999999,-81.495003999999994,-9.40000,26.00000
Cleveland,18,NA,41.499068999999999,-81.476512999999997,-9.50000,26.00000
Cleveland,19,NA,41.500922000000003,-81.460250000000002,-9.60000,26.00000
Cleveland,20,NA,41.501953999999998,-81.443845999999994,-9.70000,26.00000
Cleveland,21,NA,41.500858999999998,-81.430062000000007,-9.60000,25.80000
Cleveland,22,NA,41.500647999999998,-81.413628000000003,-9.50000,25.70000
Cleveland,23,NA,41.489896999999999,-81.401354999999995,-9.40000,25.80000
Cleveland,24,NA,41.490637999999997,-81.386264999999995,-9.60000,25.60000
Cleveland,25,NA,41.490420000000000,-81.371086000000005,-9.80000,25.50000
Cleveland,26,NA,41.490174000000003,-81.357095999999999,-9.90000,25.40000
Cleveland,27,NA,41.490837999999997,-81.343432000000007,-9.90000,25.50000
Cleveland,28,NA,41.490734000000003,-81.325614000000002,-10.10000,25.40000
Cleveland,29,NA,41.490408000000002,-81.313266999999996,-10.20000,25.30000
Cleveland,30,NA,41.488515000000000,-81.300058000000007,-10.20000,25.30000
Cleveland,31,NA,41.490178000000000,-81.276713999999998,-10.20000,25.20000
Cleveland,32,NA,41.490074000000000,-81.265466000000004,-10.20000,25.40000
Cleveland,33,NA,41.489964000000001,-81.251125000000002,-10.30000,25.40000
Cleveland,34,NA,41.501390999999998,-81.242746999999994,-10.50000,25.10000
Cleveland,35,NA,41.497438000000002,-81.227512000000004,-10.50000,25.30000
Cleveland,36,NA,41.493966999999998,-81.213724999999997,-10.60000,25.20000
Cleveland,37,NA,41.494881999999997,-81.199376999999998,-10.60000,25.20000
Cleveland,38,NA,41.495885000000001,-81.185382000000004,-10.60000,25.30000
Cleveland,39,NA,41.498235000000001,-81.172625999999994,-10.60000,25.50000
Cleveland,40,NA,41.496893000000000,-81.153273999999996,-10.70000,25.50000
Pittsburgh,1,NA,40.897638000000001,-80.044518999999994,-10.70000,26.30000
Pittsburgh,2,NA,40.883226999999998,-80.044318000000004,-10.60000,26.30000
Pittsburgh,3,NA,40.870182000000000,-80.041011999999995,-10.60000,26.40000
Pittsburgh,4,NA,40.853192999999997,-80.038385000000005,-10.60000,26.40000
Pittsburgh,5,NA,40.843091999999999,-80.039751999999993,-10.50000,26.40000
Pittsburgh,6,NA,40.830965999999997,-80.043678000000000,-10.30000,26.80000
Pittsburgh,7,NA,40.818083000000001,-80.043049999999994,-10.30000,26.60000
Pittsburgh,8,NA,40.805323000000001,-80.055053000000001,-10.10000,27.00000
Pittsburgh,9,NA,40.792571000000002,-80.054766000000001,-10.10000,26.80000
Pittsburgh,10,NA,40.783242999999999,-80.060590000000005,-10.10000,26.70000
Pittsburgh,11,NA,40.767180000000003,-80.065284000000005,-9.90000,27.10000
Pittsburgh,12,NA,40.757657000000002,-80.066914999999995,-10.00000,26.80000
Pittsburgh,13,NA,40.743479000000001,-80.073594000000000,-10.00000,26.90000
Pittsburgh,14,NA,40.725794999999998,-80.073667000000000,-10.00000,27.20000
Pittsburgh,15,NA,40.705278000000000,-80.076042999999999,-10.00000,27.30000
Pittsburgh,16,NA,40.686636999999997,-80.075878000000003,-9.90000,27.40000
Pittsburgh,17,NA,40.670729999999999,-80.070510999999996,-9.90000,27.20000
Pittsburgh,18,NA,40.654992000000000,-80.079699000000005,-9.70000,27.40000
Pittsburgh,19,NA,40.640327999999997,-80.066202000000004,-9.80000,27.00000
Pittsburgh,20,NA,40.628518999999997,-80.056814000000003,-9.70000,27.00000
Pittsburgh,21,NA,40.616126000000001,-80.056462999999994,-9.60000,27.00000
Pittsburgh,22,NA,40.601531999999999,-80.049893999999995,-9.50000,27.20000
Pittsburgh,23,NA,40.587048000000003,-80.045293000000001,-9.30000,27.40000
Pittsburgh,24,NA,40.574331999999998,-80.037282000000005,-9.30000,27.20000
Pittsburgh,25,NA,40.561819000000000,-80.039482000000007,-9.30000,27.20000
Pittsburgh,26,NA,40.547443000000001,-80.037122999999994,-9.10000,27.30000
Pittsburgh,27,NA,40.533600000000000,-80.036028000000002,-9.10000,27.30000
Pittsburgh,28,NA,40.517578999999998,-80.033209999999997,-8.90000,27.40000
Pittsburgh,29,NA,40.504075999999998,-80.022495000000006,-8.80000,27.30000
Pittsburgh,30,NA,40.491548999999999,-80.022065999999995,-8.70000,27.50000
Pittsburgh,31,NA,40.481136999999997,-80.013501000000005,-8.60000,27.40000
Pittsburgh,32,NA,40.470770000000002,-80.009524999999996,-8.60000,27.50000
Pittsburgh,33,NA,40.456781999999997,-80.006726999999998,-8.30000,28.00000
Pittsburgh,34,NA,40.453975000000000,-80.002437999999998,-8.30000,28.00000
Pittsburgh,35,NA,40.441752999999999,-80.007323999999997,-8.30000,28.20000
Pittsburgh,36,NA,40.443174999999997,-80.004417000000004,-8.30000,28.20000
Pittsburgh,37,NA,40.441544000000000,-80.005368000000004,-8.30000,28.20000
Pittsburgh,38,NA,40.447761000000000,-79.986863000000000,-8.30000,27.90000
Pittsburgh,39,NA,40.451929999999997,-79.981635999999995,-8.30000,28.10000
Pittsburgh,40,NA,40.446959999999997,-79.993722000000005,-8.30000,28.10000
Cincinnati,1,NA,39.366827000000001,-84.020702999999997,-8.50000,28.60000
Cincinnati,2,NA,39.357025999999998,-84.033542999999995,-8.50000,28.60000
Cincinnati,3,NA,39.345239999999997,-84.048586000000000,-8.50000,28.70000
Cincinnati,4,NA,39.331878000000003,-84.063536999999997,-8.50000,28.70000
Cincinnati,5,NA,39.323290999999998,-84.069525999999996,-8.50000,28.70000
Cincinnati,6,NA,39.312545999999998,-84.079941000000005,-8.50000,28.80000
Cincinnati,7,NA,39.301648999999998,-84.090496999999999,-8.50000,28.70000
Cincinnati,8,NA,39.293146000000000,-84.099254000000002,-8.50000,28.80000
Cincinnati,9,NA,39.282152000000004,-84.111027000000007,-8.50000,28.70000
Cincinnati,10,NA,39.266495999999997,-84.119314000000003,-8.50000,28.80000
Cincinnati,11,NA,39.253498000000000,-84.136122000000000,-8.40000,28.80000
Cincinnati,12,NA,39.243091999999997,-84.145604000000006,-8.40000,28.80000
Cincinnati,13,NA,39.235726000000000,-84.155688999999995,-8.40000,28.90000
Cincinnati,14,NA,39.231512000000002,-84.163652999999996,-8.40000,28.90000
Cincinnati,15,NA,39.225866000000003,-84.179901000000001,-8.40000,28.90000
Cincinnati,16,NA,39.217525000000002,-84.196928999999997,-8.40000,28.80000
Cincinnati,17,NA,39.209516000000001,-84.210937000000001,-8.40000,28.90000
Cincinnati,18,NA,39.201140000000002,-84.224874000000000,-8.40000,28.90000
Cincinnati,19,NA,39.193717999999997,-84.238367999999994,-8.40000,28.90000
Cincinnati,20,NA,39.189354000000002,-84.257985000000005,-8.30000,29.10000
Cincinnati,21,NA,39.182490000000001,-84.273403000000002,-8.20000,29.40000
Cincinnati,22,NA,39.177306999999999,-84.288689000000005,-8.10000,29.60000
Cincinnati,23,NA,39.168551999999998,-84.302183999999997,-8.10000,29.40000
Cincinnati,24,NA,39.165078999999999,-84.318916000000002,-8.10000,29.30000
Cincinnati,25,NA,39.159824000000000,-84.335167999999996,-8.10000,28.90000
Cincinnati,26,NA,39.160480000000000,-84.346385999999995,-8.10000,28.90000
Cincinnati,27,NA,39.160761000000001,-84.365758000000000,-8.10000,28.90000
Cincinnati,28,NA,39.160015000000001,-84.383750000000006,-8.00000,29.40000
Cincinnati,29,NA,39.160525999999997,-84.407989000000001,-7.90000,29.60000
Cincinnati,30,NA,39.155512000000002,-84.428089999999997,-7.80000,29.50000
Cincinnati,31,NA,39.143464000000002,-84.446281999999997,-7.80000,29.40000
Cincinnati,32,NA,39.131920999999998,-84.463795000000005,-7.70000,29.20000
Cincinnati,33,NA,39.124878000000002,-84.484797000000000,-7.70000,29.10000
Cincinnati,34,NA,39.112273000000002,-84.491337999999999,-7.50000,29.70000
Cincinnati,35,NA,39.097099000000000,-84.510976999999997,-7.40000,29.80000
Cincinnati,36,NA,39.103758999999997,-84.520116000000002,-7.40000,29.70000
Cincinnati,37,NA,39.105944000000001,-84.523561000000001,-7.40000,29.70000
Cincinnati,38,NA,39.110177000000000,-84.517945999999995,-7.50000,29.70000
Cincinnati,39,NA,39.111454000000002,-84.513041000000001,-7.50000,29.60000
Cincinnati,40,NA,39.107107999999997,-84.504975000000002,-7.40000,29.60000
Detroit,1,NA,41.945849000000003,-83.559168000000000,-11.20000,26.90000
Detroit,2,NA,41.961151000000001,-83.548458999999994,-11.30000,26.90000
Detroit,3,NA,41.977974000000003,-83.537119000000004,-11.30000,26.90000
Detroit,4,NA,41.994315000000000,-83.528188000000000,-11.40000,26.80000
Detroit,5,NA,42.008715000000002,-83.508651999999998,-11.40000,26.80000
Detroit,6,NA,42.021217000000000,-83.496651000000000,-11.30000,26.80000
Detroit,7,NA,42.027746000000000,-83.479652000000002,-11.20000,26.80000
Detroit,8,NA,42.041378000000002,-83.474813999999995,-11.10000,26.70000
Detroit,9,NA,42.057909000000002,-83.479857999999993,-11.10000,26.70000
Detroit,10,NA,42.072938000000001,-83.457560000000001,-11.00000,26.70000
Detroit,11,NA,42.073287999999998,-83.430717000000001,-10.90000,26.70000
Detroit,12,NA,42.087587999999997,-83.425927000000001,-10.80000,26.60000
Detroit,13,NA,42.093643999999998,-83.405507000000000,-10.80000,26.60000
Detroit,14,NA,42.093842000000002,-83.372881000000007,-10.70000,26.70000
Detroit,15,NA,42.093975000000000,-83.343918000000002,-10.60000,26.70000
Detroit,16,NA,42.094102999999997,-83.319384999999997,-10.50000,26.70000
Detroit,17,NA,42.094692000000002,-83.294274000000001,-10.40000,26.70000
Detroit,18,NA,42.111556000000000,-83.283383999999998,-10.30000,26.70000
Detroit,19,NA,42.128548000000002,-83.272335999999996,-10.30000,26.80000
Detroit,20,NA,42.142448999999999,-83.262647999999999,-10.20000,26.70000
Detroit,21,NA,42.157998999999997,-83.248587999999998,-10.10000,26.90000
Detroit,22,NA,42.174323000000001,-83.237088999999997,-10.10000,27.20000
Detroit,23,NA,42.188654000000000,-83.222528999999994,-10.20000,27.20000
Detroit,24,NA,42.202778000000002,-83.206249000000000,-10.20000,27.10000
Detroit,25,NA,42.217700000000001,-83.192863000000003,-10.20000,27.10000
Detroit,26,NA,42.234878999999999,-83.194231000000002,-10.20000,27.10000
Detroit,27,NA,42.252085999999998,-83.194316000000001,-10.20000,27.10000
Detroit,28,NA,42.267961000000000,-83.182124000000002,-10.20000,27.00000
Detroit,29,NA,42.282786999999999,-83.169965000000005,-10.20000,27.10000
Detroit,30,NA,42.291429000000001,-83.144938999999994,-10.10000,26.90000
Detroit,31,NA,42.300213999999997,-83.120133999999993,-10.00000,26.80000
Detroit,32,NA,42.308343000000001,-83.095934999999997,-9.90000,26.80000
Detroit,33,NA,42.313885999999997,-83.082222000000002,-9.80000,26.80000
Detroit,34,NA,42.322719999999997,-83.066421000000005,-9.70000,26.80000
Detroit,35,NA,42.327891000000001,-83.045661999999993,-9.80000,26.80000
Detroit,36,NA,42.331223000000001,-83.032032999999998,-9.80000,26.90000
Detroit,37,NA,42.332419000000002,-83.043192000000005,-9.80000,26.80000
Detroit,38,NA,42.337376999999996,-83.049864999999997,-9.80000,26.90000
Detroit,39,NA,42.332605999999998,-83.054863999999995,-9.80000,26.80000
Detroit,40,NA,42.336962999999997,-83.061700999999999,-9.80000,26.90000
Toronto,1,A,44.030264400000000,-79.527389170000006,-13.70000,23.40000
Toronto,2,A,44.019684370000000,-79.525375870000005,-13.70000,23.30000
Toronto,3,A,44.010569369999999,-79.523161979999998,-13.70000,23.30000
Toronto,4,A,43.999069230000003,-79.519972220000000,-13.60000,23.50000
Toronto,5,A,43.993382640000000,-79.519256260000006,-13.60000,23.50000
Toronto,6,A,43.985680840000001,-79.516901279999999,-13.60000,23.50000
Toronto,7,A,43.977680300000003,-79.515582019999997,-13.60000,23.50000
Toronto,8,A,43.969569540000002,-79.512828170000006,-13.60000,23.50000
Toronto,9,A,43.957363420000000,-79.510636710000000,-13.50000,23.50000
Toronto,10,A,43.951945539999997,-79.509472560000006,-13.50000,23.50000
Toronto,11,A,43.942756559999999,-79.506825890000002,-13.50000,23.60000
Toronto,12,A,43.933855520000002,-79.504708280000003,-13.40000,23.60000
Toronto,13,A,43.924412390000001,-79.503055149999994,-13.40000,23.50000
Toronto,14,A,43.915884579999997,-79.500467850000007,-13.40000,23.50000
Toronto,15,A,43.906832180000002,-79.498744970000004,-13.30000,23.60000
Toronto,16,A,43.897555680000004,-79.496557920000001,-13.20000,23.90000
Toronto,17,A,43.888435000000001,-79.494354670000007,-13.10000,24.20000
Toronto,18,A,43.881100199999999,-79.492408049999995,-12.90000,24.40000
Toronto,19,A,43.870654590000001,-79.489609180000002,-12.80000,24.40000
Toronto,20,A,43.861504689999997,-79.487936430000005,-12.70000,24.30000
Toronto,21,A,43.850384480000002,-79.485207130000006,-12.60000,24.10000
Toronto,22,A,43.835982729999998,-79.481831929999998,-12.60000,24.30000
Toronto,23,A,43.824181310000000,-79.479005139999998,-12.50000,24.70000
Toronto,24,A,43.813590259999998,-79.476430649999998,-12.40000,24.90000
Toronto,25,A,43.804558559999997,-79.474719280000002,-12.20000,24.90000
Toronto,26,A,43.792532950000002,-79.471826640000003,-12.10000,24.90000
Toronto,27,A,43.781371659999998,-79.471304559999993,-12.00000,24.80000
Toronto,28,A,43.772362119999997,-79.467986179999997,-11.90000,24.80000
Toronto,29,A,43.762648660000004,-79.465866610000006,-11.80000,24.80000
Toronto,30,A,43.751883710000001,-79.464043880000006,-11.80000,24.90000
Toronto,31,A,43.745268250000002,-79.436158320000004,-11.70000,24.90000
Toronto,32,A,43.736939599999999,-79.433535109999994,-11.70000,24.90000
Toronto,33,A,43.724858359999999,-79.430821519999995,-11.50000,25.00000
Toronto,34,A,43.714790499999999,-79.428979450000000,-11.50000,25.00000
Toronto,35,A,43.704140940000002,-79.426659349999994,-11.40000,25.00000
Toronto,36,A,43.694163359999997,-79.422967510000007,-11.10000,25.00000
Toronto,37,A,43.683152260000000,-79.419753209999996,-10.70000,25.10000
Toronto,38,A,43.671985339999999,-79.414206629999995,-10.30000,25.10000
Toronto,39,A,43.663467930000003,-79.412008749999998,-10.20000,25.00000
Toronto,40,A,43.657199499999997,-79.407560029999999,-10.10000,24.90000
Toronto,41,A,43.649942760000002,-79.404773000000006,-10.10000,24.80000
Toronto,42,A,43.642997510000001,-79.403372189999999,-10.10000,24.80000
Toronto,43,A,43.634713120000001,-79.399204810000001,-10.00000,24.70000
Toronto,51,B,43.666770710000002,-79.588111710000007,-11.50000,25.00000
Toronto,52,B,43.653592369999998,-79.594833190000003,-11.50000,25.00000
Toronto,53,B,43.652544210000002,-79.612224659999995,-11.60000,25.10000
Toronto,54,B,43.649176429999997,-79.621008599999996,-11.60000,25.10000
Toronto,55,B,43.642280649999996,-79.630768599999996,-11.60000,25.10000
Toronto,56,B,43.635202229999997,-79.638876870000004,-11.60000,25.10000
Toronto,57,B,43.627591510000002,-79.650178999999994,-11.70000,25.20000
Toronto,58,B,43.622693159999997,-79.660401980000003,-11.60000,25.10000
Toronto,59,B,43.618693180000001,-79.670399110000005,-11.70000,25.00000
Toronto,60,B,43.614439040000001,-79.682222019999998,-11.60000,25.00000
Toronto,61,B,43.609738860000000,-79.688854300000003,-11.70000,25.10000
Toronto,62,B,43.592520080000000,-79.688101470000007,-11.40000,25.00000
Toronto,63,B,43.588074939999998,-79.698101030000004,-11.40000,25.10000
Toronto,64,B,43.582495180000002,-79.705950340000001,-11.30000,25.10000
Toronto,65,B,43.565427530000001,-79.699936620000003,-11.10000,25.10000
Toronto,66,B,43.555965149999999,-79.710295590000001,-11.20000,25.00000
Toronto,67,B,43.546948780000001,-79.720375140000002,-11.10000,25.00000
Toronto,68,B,43.540537960000002,-79.726846899999998,-11.20000,24.90000
Toronto,69,B,43.523706910000001,-79.745804179999993,-11.40000,24.50000
Toronto,70,B,43.518132950000002,-79.752028670000001,-11.50000,24.70000
Toronto,71,B,43.501226430000003,-79.758474660000005,-11.70000,24.90000
Toronto,72,B,43.488363309999997,-79.752118629999998,-11.30000,24.90000
Toronto,73,B,43.478412140000003,-79.763141660000002,-11.30000,25.00000
Toronto,74,B,43.471037240000001,-79.771221980000007,-11.40000,25.00000
Toronto,75,B,43.457525640000000,-79.754602590000005,-10.60000,24.80000
Toronto,76,B,43.442168729999999,-79.773506870000006,-11.00000,25.10000
Toronto,77,B,43.446351000000000,-79.797895949999997,-11.40000,25.00000
Toronto,78,B,43.436975310000001,-79.808235679999996,-11.30000,25.00000
Toronto,79,B,43.436661739999998,-79.825040259999994,-11.50000,24.50000
Toronto,80,B,43.428178899999999,-79.833649410000007,-11.50000,24.40000
Toronto,81,B,43.411000340000001,-79.836341579999996,-11.30000,24.30000
Toronto,82,B,43.404641669999997,-79.843022140000002,-11.40000,24.30000
Toronto,83,B,43.398302800000003,-79.850735450000002,-11.50000,24.20000
Toronto,84,B,43.673414729999998,-79.568985040000001,-11.40000,25.10000
Toronto,85,B,43.684690580000002,-79.563770710000000,-11.50000,25.00000
Toronto,86,B,43.688707960000002,-79.549697960000003,-11.40000,25.00000
Toronto,87,B,43.692363329999999,-79.537955550000007,-11.40000,25.00000
Toronto,88,B,43.697562710000000,-79.524547049999995,-11.30000,25.00000
Toronto,89,B,43.701047850000002,-79.511567589999999,-11.30000,25.10000
Toronto,90,B,43.702149980000002,-79.499797229999999,-11.30000,25.10000
Toronto,91,B,43.705143980000003,-79.488936989999999,-11.30000,25.10000
Toronto,92,B,43.709428780000003,-79.472341060000005,-11.50000,25.00000
Toronto,93,B,43.713004310000002,-79.462991919999993,-11.50000,25.00000
Toronto,94,B,43.715425770000003,-79.449798520000002,-11.50000,25.00000
Toronto,95,C,43.952982059999997,-78.960018899999994,-12.70000,24.10000
Toronto,96,C,43.954159410000003,-78.974236939999997,-12.70000,24.00000
Toronto,97,C,43.957231000000000,-78.997517000000002,-12.70000,24.00000
Toronto,98,C,43.960035550000001,-79.007672020000001,-12.80000,23.90000
Toronto,99,C,43.939441400000000,-79.017429519999993,-12.60000,24.00000
Toronto,100,C,43.932217469999998,-79.033846220000001,-12.60000,24.10000
Toronto,101,C,43.930924240000003,-79.055681780000000,-12.60000,24.00000
Toronto,102,C,43.928546849999996,-79.066408390000007,-12.60000,23.90000
Toronto,103,C,43.924641059999999,-79.070078539999997,-12.50000,24.10000
Toronto,104,C,43.890055930000003,-79.065866209999996,-12.00000,24.90000
Toronto,105,C,43.902270719999997,-79.097770290000000,-12.40000,24.00000
Toronto,106,C,43.894342690000002,-79.130114390000003,-12.50000,23.90000
Toronto,107,C,43.891203490000002,-79.143669729999999,-12.50000,23.90000
Toronto,108,C,43.881353500000003,-79.145936070000005,-12.40000,24.00000
Toronto,109,C,43.864942259999999,-79.174105109999999,-12.40000,24.10000
Toronto,110,C,43.853662350000000,-79.180293829999997,-12.30000,24.60000
Toronto,111,C,43.850070299999999,-79.193476860000004,-12.30000,24.80000
Toronto,112,C,43.844745369999998,-79.216673220000004,-12.20000,24.40000
Toronto,113,C,43.839808020000000,-79.231452930000003,-12.20000,24.60000
Toronto,114,C,43.837843319999998,-79.249219640000007,-12.10000,24.70000
Toronto,115,C,43.834303120000001,-79.262420829999996,-12.10000,24.80000
Toronto,116,C,43.832518280000002,-79.273491579999998,-12.10000,24.90000
Toronto,117,C,43.828538770000002,-79.287463329999994,-12.10000,24.90000
Toronto,118,C,43.824820219999999,-79.302923239999998,-12.00000,25.00000
Toronto,119,C,43.825455320000003,-79.318591679999997,-12.00000,24.80000
Toronto,120,C,43.746927169999999,-79.308357380000004,-11.20000,24.70000
Toronto,121,C,43.741438799999997,-79.318428389999994,-11.00000,24.70000
Toronto,122,C,43.738755099999999,-79.337025609999998,-11.00000,24.50000
Toronto,123,C,43.738967840000001,-79.351535519999999,-11.10000,24.50000
Toronto,124,C,43.734830289999998,-79.357657079999996,-11.10000,24.50000
Toronto,125,C,43.732200300000002,-79.372128989999993,-11.10000,24.60000
Toronto,126,C,43.728188840000001,-79.392061159999997,-11.30000,24.70000
Toronto,127,C,43.721469650000003,-79.409254369999999,-11.40000,24.90000
Toronto,128,C,43.722261080000003,-79.426581870000007,-11.50000,25.00000
NewYork,1,NA,41.066840630000002,-73.766442799999993,-8.60000,27.70000
NewYork,2,NA,41.057644230000001,-73.765855729999998,-8.40000,28.10000
NewYork,3,NA,41.048727100000001,-73.770779599999997,-8.30000,28.20000
NewYork,4,NA,41.039400319999999,-73.766517820000004,-8.20000,28.20000
NewYork,5,NA,41.028981000000002,-73.762507900000003,-8.10000,28.20000
NewYork,6,NA,41.023213869999999,-73.774321700000002,-8.10000,28.20000
NewYork,7,NA,41.016622830000003,-73.777489790000004,-8.00000,28.20000
NewYork,8,NA,41.006171000000002,-73.783878999999999,-8.00000,28.20000
NewYork,9,NA,40.998049999999999,-73.789164000000000,-7.90000,28.20000
NewYork,10,NA,40.988984049999999,-73.796189119999994,-7.80000,28.10000
NewYork,11-I,NA,40.982914950000001,-73.801933950000006,-7.80000,28.10000
NewYork,11-II,NA,40.972485769999999,-73.806002140000004,-7.80000,28.00000
NewYork,13,NA,40.963747759999997,-73.811161810000002,-7.70000,28.10000
NewYork,14,NA,40.953933169999999,-73.815337709999994,-7.70000,28.10000
NewYork,15,NA,40.945532520000000,-73.820730670000003,-7.60000,28.10000
NewYork,16,NA,40.936174940000001,-73.818179020000002,-7.50000,28.20000
NewYork,17,NA,40.928282000000003,-73.821337999999997,-7.50000,28.40000
NewYork,18,NA,40.922077840000000,-73.824311499999993,-7.40000,28.60000
NewYork,19,NA,40.917082340000000,-73.835651069999997,-7.40000,28.60000
NewYork,20,NA,40.913174060000003,-73.843812999999997,-7.40000,28.70000
NewYork,21,NA,40.905690909999997,-73.845135999999997,-7.30000,28.70000
NewYork,22,NA,40.899628340000000,-73.860902440000004,-7.10000,28.70000
NewYork,23,NA,40.891456470000001,-73.863615300000006,-7.10000,28.70000
NewYork,24,NA,40.884706219999998,-73.866327080000005,-7.10000,28.70000
NewYork,25,NA,40.870188849999998,-73.875574810000003,-6.90000,28.70000
NewYork,26,NA,40.865674929999997,-73.896445580000005,-6.70000,28.70000
NewYork,27,NA,40.850268950000000,-73.901244230000003,-6.70000,28.70000
NewYork,28,NA,40.841612679999997,-73.905719030000000,-6.60000,28.80000
NewYork,29,NA,40.834115900000000,-73.922687769999996,-6.50000,28.70000
NewYork,30,NA,40.828649849999998,-73.923043260000000,-6.40000,28.70000
NewYork,31,NA,40.821731730000003,-73.926802390000006,-6.30000,28.80000
NewYork,32,NA,40.823628010000000,-73.943033189999994,-6.20000,28.60000
NewYork,33,NA,40.817155550000003,-73.948826949999997,-6.20000,28.60000
NewYork,34,NA,40.809620600000002,-73.955562760000007,-6.00000,28.70000
NewYork,35,NA,40.802366790000001,-73.960602150000000,-6.10000,28.60000
NewYork,36,NA,40.771525779999997,-73.974732810000006,-5.80000,28.50000
NewYork,37,NA,41.120384999999999,-73.748369999999994,-9.00000,27.40000
NewYork,38,NA,41.118357500000002,-73.757847609999999,-9.10000,27.30000
NewYork,39,NA,41.116091060000002,-73.770707740000006,-9.10000,27.60000
NewYork,40,NA,41.106517259999997,-73.777175709999995,-9.00000,27.70000
NewYork,41,NA,41.098473540000001,-73.777450490000007,-9.00000,27.80000
NewYork,42,NA,41.087466020000001,-73.775217850000004,-8.90000,27.90000
NewYork,43,NA,41.073992040000000,-73.776420529999996,-8.70000,28.00000
NewYork,44,NA,41.129139639999998,-73.779500810000002,-9.20000,28.00000
NewYork,45,NA,41.138473200000000,-73.777599140000007,-9.30000,27.90000
NewYork,46,NA,41.147511870000002,-73.776912479999993,-9.30000,27.90000
NewYork,47,NA,41.155954309999998,-73.772681939999998,-9.40000,28.00000
NewYork,48,NA,41.159260119999999,-73.764845820000005,-9.50000,27.80000
Montreal,1,NA,45.569343789999998,-74.073460780000005,-17.90000,24.40000
Montreal,2,NA,45.572994659999999,-74.059995610000001,-17.90000,24.30000
Montreal,3,NA,45.572800850000000,-74.049004719999999,-17.70000,24.30000
Montreal,4,NA,45.572476950000002,-74.034091559999993,-17.70000,24.40000
Montreal,5,NA,45.570768440000002,-74.019500030000003,-17.70000,24.40000
Montreal,6,NA,45.569666450000000,-74.007056770000005,-17.70000,24.40000
Montreal,7,NA,45.566900859999997,-73.993296299999997,-17.70000,24.40000
Montreal,8,NA,45.563097999999997,-73.981628549999996,-17.40000,24.40000
Montreal,9,NA,45.563089699999999,-73.975131110000007,-17.40000,24.40000
Montreal,10,NA,45.561928350000002,-73.959911000000005,-17.20000,24.40000
Montreal,11,NA,45.564846950000003,-73.945910679999997,-16.80000,24.30000
Montreal,12,NA,45.566692130000000,-73.933283489999994,-16.60000,24.40000
Montreal,13,NA,45.565206439999997,-73.920673519999994,-16.20000,24.50000
Montreal,14,NA,45.559909560000001,-73.910229740000005,-16.10000,24.60000
Montreal,15,NA,45.558957100000001,-73.897384349999996,-16.00000,24.60000
Montreal,16,NA,45.557118879999997,-73.887964089999997,-15.90000,24.40000
Montreal,17,NA,45.556054979999999,-73.879149220000002,-15.90000,24.40000
Montreal,18,NA,45.550259750000002,-73.867158709999998,-15.90000,24.40000
Montreal,19,NA,45.552987729999998,-73.855217920000001,-15.90000,24.40000
Montreal,20,NA,45.557088770000000,-73.842792489999994,-15.90000,24.40000
Montreal,21,NA,45.561115440000002,-73.831938050000005,-16.00000,24.50000
Montreal,22,NA,45.570888680000003,-73.820841630000004,-16.10000,24.50000
Montreal,23,NA,45.576873599999999,-73.810613750000002,-16.10000,24.50000
Montreal,24,NA,45.579299980000002,-73.797978889999996,-16.10000,24.70000
Montreal,25,NA,45.580059140000003,-73.784718040000001,-16.10000,24.80000
Montreal,26,NA,45.584526089999997,-73.771955270000007,-16.10000,25.00000
Montreal,27,NA,45.591169000000001,-73.760745999999997,-16.10000,25.20000
Montreal,28,NA,45.597548400000001,-73.751144699999998,-16.20000,25.20000
Montreal,29,NA,45.590086120000002,-73.742373810000004,-16.10000,25.40000
Montreal,30,NA,45.581487180000003,-73.733689549999994,-16.10000,25.50000
Montreal,31,NA,45.573668259999998,-73.723349440000007,-15.90000,25.60000
Montreal,32,NA,45.564843179999997,-73.718014460000006,-15.80000,25.60000
Montreal,33,NA,45.557400479999998,-73.711120050000005,-15.70000,25.50000
Montreal,34,NA,45.555473759999998,-73.701159070000003,-15.60000,25.50000
Montreal,35,NA,45.558656620000001,-73.690999759999997,-15.60000,25.50000
Montreal,36,NA,45.559728360000001,-73.683749070000005,-15.60000,25.50000
Montreal,37,NA,45.555844059999998,-73.671634010000005,,
Montreal,38,NA,45.548256750000000,-73.666261039999995,-15.50000,25.50000
Montreal,39,NA,45.545623829999997,-73.653740769999999,-15.50000,25.40000
Montreal,40,NA,45.541919550000003,-73.642100490000004,-15.40000,25.40000
Montreal,41,NA,45.538290449999998,-73.631079549999995,-15.50000,25.40000
Montreal,42,NA,45.532740550000000,-73.617063410000000,-15.50000,25.40000
Montreal,43,NA,45.531131430000002,-73.611748320000004,-15.50000,25.40000
Montreal,44,NA,45.524644889999998,-73.600239970000004,-15.50000,25.40000
Montreal,45,NA,45.524050240000001,-73.593011140000002,-15.40000,25.30000
Montreal,46,NA,45.516837719999998,-73.587964679999999,-15.40000,25.40000
Montreal,47,NA,45.513373479999998,-73.574883510000006,-15.30000,25.40000
Montreal,48,NA,45.510360960000000,-73.567005230000007,-15.30000,25.40000
Montreal,49,NA,45.506250100000003,-73.552011930000006,-15.10000,25.40000
Boston,1,NA,41.961774460000001,-71.067644410000000,-8.30000,27.00000
Boston,2,NA,41.970834119999999,-71.067594420000006,-8.30000,26.90000
Boston,3,NA,41.978081510000003,-71.069659290000004,-8.30000,26.90000
Boston,4A,NA,41.986586490000001,-71.070232579999995,-8.40000,26.90000
Boston,4B,NA,42.000142080000003,-71.066011950000004,-8.60000,27.10000
Boston,5,NA,42.006248980000002,-71.066491040000002,-8.60000,27.10000
Boston,6,NA,42.013948290000002,-71.066370440000000,-8.70000,27.10000
Boston,7,NA,42.025013430000001,-71.065927209999998,-8.70000,27.20000
Boston,8,NA,42.033952360000001,-71.073448110000001,-8.70000,27.20000
Boston,9,NA,42.040410000000001,-71.076876999999996,-8.70000,27.20000
Boston,10,NA,42.048139849999998,-71.081928559999994,-8.70000,27.20000
Boston,11,NA,42.059799750000003,-71.085304350000001,-8.70000,27.20000
Boston,12,NA,42.066955970000002,-71.086772960000005,-8.70000,27.20000
Boston,13,NA,42.075927759999999,-71.087439430000003,-8.70000,27.20000
Boston,14,NA,42.083866200000003,-71.090101489999995,-8.70000,27.10000
Boston,15,NA,42.094113090000000,-71.094129710000004,-8.80000,27.10000
Boston,16,NA,42.106665149999998,-71.099079560000007,-8.80000,27.10000
Boston,17,NA,42.115007200000001,-71.099251570000007,-8.80000,27.10000
Boston,18,NA,42.124538440000002,-71.101451549999993,-8.80000,27.10000
Boston,19,NA,42.133788680000002,-71.100650410000000,-8.90000,27.10000
Boston,20,NA,42.145493850000001,-71.105706960000006,-8.90000,27.00000
Boston,21,NA,42.154700419999998,-71.107039749999998,-8.90000,27.00000
Boston,22,NA,42.164882110000001,-71.110182949999995,-8.90000,27.00000
Boston,23,NA,42.176854360000000,-71.109974449999996,-8.80000,27.10000
Boston,24,NA,42.186234419999998,-71.116671479999994,-8.80000,27.20000
Boston,25,NA,42.198213240000001,-71.119537320000006,-8.80000,27.20000
Boston,26,NA,42.208034849999997,-71.120780589999995,-8.80000,27.10000
Boston,27,NA,42.218303310000003,-71.119218549999999,-8.90000,27.10000
Boston,28,NA,42.236452550000003,-71.107820450000006,-8.70000,27.10000
Boston,29,NA,42.245747829999999,-71.093233280000007,-8.60000,27.20000
Boston,30,NA,42.255379269999999,-71.092836530000000,-8.60000,27.30000
Boston,31,NA,42.265436659999999,-71.094067379999998,-8.60000,27.10000
Boston,32,NA,42.274212489999996,-71.095114609999996,-8.60000,26.90000
Boston,33,NA,42.282891460000002,-71.090711159999998,-8.50000,27.00000
Boston,34,NA,42.291050890000001,-71.086912889999994,-8.50000,27.50000
Boston,35,NA,42.300780719999999,-71.086037579999996,-8.60000,27.80000
Boston,36,NA,42.311648020000000,-71.079842310000004,-8.70000,27.90000
Boston,37,NA,42.319403129999998,-71.071891579999999,-8.70000,27.90000
Boston,38,NA,42.326435560000000,-71.069981639999995,-8.80000,28.00000
Boston,39,NA,42.334103540000001,-71.081428509999995,-8.90000,28.10000
Boston,40,NA,42.338960040000003,-71.072795360000001,-8.80000,28.00000
Boston,41,NA,42.343632909999997,-71.066621580000003,-8.60000,28.00000
Boston,42,NA,42.353717080000003,-71.065044819999997,-8.70000,27.90000
Boston,43,NA,42.361784839999999,-71.059439280000007,-8.70000,28.00000
